DHP_1,230449.46,217.15,6716487.48,
DHP_2,230445.48,216.43,6716484.27,
DHP_3,230441.39,215.45,6716481.46,
DHP_4,230437.22,214.43,6716478.36,
DHP_5,230428.76,212.65,6716473.13,
DHP_6,230424.36,211.78,6716470.7,
DHP_7,230420.11,211.12,6716467.82,
DHP_8,230415.91,210.14,6716465.31,
DHP_9,230411.71,209.78,6716462.77,
DHP_10,230407.02,209.42,6716459.97,
DHP_11,230405.63,209.47,6716458.06,
DHP_12,230404.27,209.26,6716455.98,
ARR_1,230444.37,217.18,6716481.72,
ARR_2,230414.06,211.37,6716462.19,
JA_1,230452.81,219.81,6716488.38,
JA_2,230451.54,219.48,6716487.25,
JA_3,230450.02,219.11,6716485.86,
JA_4,230448.74,218.76,6716484.82,
JA_5,230447.4,218.54,6716484,
JA_6,230446.05,218.25,6716482.96,
JA_7,230444.58,218.02,6716482.11,
JA_8,230443.42,217.67,6716481.23,
JA_9,230442.16,217.39,6716480.07,
JA_10,230440.71,217.08,6716479.2,
JA_11,230439.33,216.78,6716478.32,
JA_12,230437.92,216.29,6716477.56,
JA_13,230436.26,215.8,6716476.67,
JA_14,230435.02,215.69,6716475.75,
JA_15,230433.49,215.4,6716474.6,
JA_16,230432.04,215.12,6716473.59,
JA_17,230430.51,214.82,6716472.62,
JA_18,230429.12,214.58,6716471.9,
JA_19,230427.69,214.36,6716470.78,
JA_20,230426.19,214.03,6716470.03,
JA_21,230424.87,213.67,6716469.1,
JA_22,230423.26,213.51,6716468.06,
JA_23,230421.78,213.18,6716467.1,
JA_24,230420.38,212.75,6716466.33,
JA_25,230419.13,212.46,6716465.2,
JA_26,230417.73,212.27,6716464.31,
JA_27,230416.3,212.13,6716463.39,
JA_28,230414.81,211.9,6716462.48,
JA_29,230413.27,211.84,6716461.66,
JA_30,230411.92,211.61,6716460.89,
JA_31,230410.15,211.26,6716460.03,
JA_32,230408.25,211.07,6716459.24,
JA_33,230407.28,210.76,6716458.07,
JA_34,230406.24,210.74,6716456.81,
JA_35,230405.31,210.66,6716455.36,
JB_1,230453.72,220.24,6716489.67,
JB_2,230451.38,217.7,6716488.86,
JB_3,230449.92,217.35,6716487.92,
JB_4,230448.66,217.16,6716486.99,
JB_5,230447.44,216.79,6716485.85,
JB_6,230446.15,216.54,6716484.83,
JB_7,230444.88,216.39,6716484.03,
JB_8,230443.48,216.11,6716482.94,
JB_9,230441.89,215.61,6716481.96,
JB_10,230440.59,215.37,6716480.94,
JB_11,230439.34,215.03,6716479.85,
JB_12,230438.05,214.54,6716478.8,
JB_13,230436.68,214.44,6716478.15,
JB_14,230435.02,214.12,6716477.23,
JB_15,230433.55,213.68,6716476.49,
JB_16,230432.34,213.51,6716475.59,
JB_17,230430.83,213.23,6716474.54,
JB_18,230429.55,212.9,6716473.66,
JB_19,230428.1,212.83,6716472.83,
JB_20,230426.72,212.42,6716472,
JB_21,230425.29,212.19,6716471.11,
JB_22,230423.76,211.96,6716470.27,
JB_23,230422.3,211.71,6716469.44,
JB_24,230420.87,211.34,6716468.56,
JB_25,230419.69,211.22,6716467.53,
JB_26,230418.19,210.75,6716466.49,
JB_27,230416.65,210.42,6716465.99,
JB_28,230415.27,210.31,6716464.95,
JB_29,230413.8,210.14,6716464.31,
JB_30,230412.46,209.93,6716463.55,
JB_31,230410.34,209.65,6716461.97,
JB_32,230408.87,209.51,6716461.12,
JB_33,230407.43,209.44,6716460.28,
JB_34,230406.14,208.98,6716459.72,
JB_35,230405.68,209.17,6716458.78,
JB_36,230404.68,208.87,6716457.82,
JB_37,230404.29,209.02,6716456.63,
DHP_13,230421.15,213.46,6716450.22,
DHP_14,230419.37,213.18,6716447.96,
DHP_15,230412.67,211.14,6716442,
DHP_16,230410.16,211.29,6716440.2,
DHP_17,230407.79,211.33,6716438.97,
AH_1,230412.16,210.97,6716441.94,
AH_2,230410.83,210.88,6716441.01,
AH_3,230409.53,210.86,6716440.19,
AH_4,230408.21,210.84,6716439.68,
AH_5,230407.3,210.79,6716439.13,
AH_6,230405.82,210.57,6716438.65,
AG_1,230427.34,214.66,6716455.22,
AG_2,230426.04,214.5,6716454.21,
AG_3,230424.83,214.21,6716453.51,
AG_4,230423.79,213.92,6716452.58,
AG_5,230422.47,213.49,6716451.76,
AG_6,230421.46,213.37,6716450.78,
AG_7,230420.41,213.22,6716449.52,
AG_8,230419.59,213.19,6716448.41,
AG_9,230418.74,212.99,6716447.13,
AG_10,230417.7,212.87,6716446.07,
AG_11,230416.86,212.75,6716445.08,
AG_12,230415.69,212.64,6716444.14,
AG_13,230414.68,212.51,6716443.12,
AG_14,230413.58,212.47,6716442.23,
AG_15,230412.38,212.37,6716441.37,
AG_16,230411.34,212.31,6716440.22,
AG_17,230410.37,212.29,6716439.27,
AG_18,230409.09,212.21,6716438.54,
AG_19,230407.88,212.2,6716438.06,
AG_20,230406.36,212.12,6716437.92,
AF_1,230438.3,216.38,6716462.07,
AF_2,230437.16,216.34,6716461.33,
AF_3,230435.63,216.35,6716460.19,
AF_4,230434.16,216.26,6716459.6,
AF_5,230432.73,216.45,6716458.71,
AF_6,230431.42,216.34,6716457.78,
AF_7,230430.31,216.17,6716456.76,
AF_8,230429.51,216.16,6716455.44,
AF_9,230428.39,216.14,6716454.36,
AF_10,230427.32,215.98,6716453.4,
AF_11,230426.22,215.86,6716452.31,
AF_12,230425.17,215.77,6716451.22,
AF_13,230423.6,215.25,6716450.78,
AF_14,230422.37,214.83,6716450,
AF_15,230421.25,214.64,6716449.08,
AF_16,230420.18,214.54,6716447.92,
AF_17,230419.48,214.44,6716446.97,
AF_18,230418.65,214.2,6716445.87,
AF_19,230417.72,214.17,6716444.63,
AF_20,230416.77,214.15,6716443.76,
AF_21,230415.55,214.12,6716442.64,
AF_22,230414.29,214.04,6716441.78,
AF_23,230413.05,214.01,6716440.92,
AF_24,230412.19,213.93,6716439.72,
AF_25,230411.06,213.88,6716438.57,
AF_26,230409.75,213.72,6716437.71,
AF_27,230408.41,213.7,6716436.98,
AF_28,230406.9,213.61,6716436.81,
AE_1,230449.89,218.44,6716468.71,
AE_2,230448.84,218.41,6716467.94,
AE_3,230447.25,218.15,6716467.38,
AE_4,230446.11,217.78,6716466.55,
AE_5,230444.81,217.67,6716465.77,
AE_6,230443.44,217.4,6716465,
AE_7,230442.52,217.35,6716464.2,
AE_8,230441.19,217.23,6716462.89,
AE_9,230439.84,217.46,6716462.4,
AE_10,230438.4,217.44,6716461.18,
AE_11,230436.92,217.49,6716460.49,
AE_12,230435.78,217.75,6716459.76,
AE_13,230435.13,217.51,6716458.78,
AE_14,230434.05,217.71,6716457.56,
AE_15,230432.41,217.61,6716456.3,
AE_16,230431.47,217.54,6716455.24,
AE_17,230430.72,217.6,6716454.02,
AE_18,230429.5,217.47,6716453.08,
AE_19,230428.48,217.43,6716451.99,
AE_20,230427.3,217.39,6716450.71,
AE_21,230426.25,217.34,6716450.05,
AE_22,230424.73,216.95,6716449.35,
AE_23,230423.3,216.51,6716448.78,
AE_24,230422.08,216.09,6716447.82,
AE_25,230420.01,215.84,6716445.74,
AE_26,230418.96,215.84,6716444.73,
AE_27,230417.99,215.65,6716443.76,
AE_28,230416.88,215.59,6716442.63,
AE_29,230416.16,215.47,6716441.57,
AE_30,230415.11,215.32,6716440.53,
AE_31,230414,215.41,6716439.57,
AE_32,230412.85,215.43,6716438.62,
AE_33,230411.54,215.31,6716437.86,
AE_34,230410.23,215.21,6716437.07,
AE_35,230408.73,215.2,6716436.3,
AE_36,230407.31,215.05,6716435.96,
DHP_18,230448.41,218.95,6716467.07,
DHP_19,230432.62,217.28,6716457.49,
AD_1,230458.58,221.23,6716472.67,
AD_2,230457.26,220.96,6716471.91,
AD_3,230455.79,220.65,6716470.98,
AD_4,230454.15,220.35,6716470.16,
AD_5,230452.91,220.22,6716469.28,
AD_6,230451.53,219.96,6716468.63,
AD_7,230450.2,219.95,6716467.98,
AD_8,230449.22,219.75,6716467.13,
AD_9,230447.92,219.1,6716466.49,
AD_10,230446.83,219.06,6716465.65,
AD_11,230445.63,218.42,6716464.91,
AD_12,230444.04,219.15,6716463.97,
AD_13,230442.81,219.12,6716463.36,
AD_14,230441.67,219.19,6716462.33,
AD_15,230440.45,219.16,6716461.56,
AD_16,230439.44,219.04,6716460.45,
AD_17,230438.06,219.24,6716459.65,
AD_18,230436.8,219.22,6716458.48,
AD_19,230436.26,219.25,6716457.46,
AD_20,230434.91,219.31,6716456.32,
AD_21,230433.91,219.23,6716455.17,
AD_22,230432.95,219.11,6716454.11,
AD_23,230450.2,219.95,6716467.98,
AD_24,230431.93,219.09,6716452.98,
AD_25,230431.05,219.04,6716451.8,
AD_26,230430.35,218.94,6716450.78,
AD_27,230429.35,218.93,6716449.56,
AD_28,230428.38,218.87,6716448.51,
AD_29,230427.15,218.41,6716447.87,
AD_30,230425.73,217.94,6716447.22,
AD_31,230424.45,217.68,6716446.61,
AD_32,230422.83,217.43,6716445.61,
AD_33,230421.81,217.37,6716444.51,
AD_34,230420.84,217.3,6716443.3,
AD_35,230419.59,217.23,6716442.57,
AD_36,230418.53,217.03,6716441.44,
AD_37,230417.23,216.63,6716440.68,
AD_38,230415.87,216.57,6716439.74,
AD_39,230414.71,216.7,6716438.76,
AD_40,230413.65,216.82,6716437.82,
AD_41,230412.27,216.8,6716437.19,
AD_42,230410.87,216.68,6716436.45,
AD_43,230409.52,216.63,6716435.78,
AD_44,230408.06,216.52,6716435.25,
DHP_20,230454.61,220.55,6716469.57,
DHP_21,230450.85,220.81,6716467.05,
DHP_22,230448.16,220.43,6716465.64,
AC_1,230466.54,222.113,6716479.766,
AC_2,230465.709,222.047,6716478.663,
AC_3,230465.006,222.027,6716477.313,
AC_4,230464.13,221.921,6716476.256,
AC_5,230463.434,222.027,6716474.716,
AC_6,230462.643,221.981,6716473.266,
AC_7,230461.963,222.105,6716472.016,
AC_8,230460.958,222.309,6716471.015,
AC_9,230459.859,222.384,6716470.184,
AC_10,230458.481,222.47,6716469.115,
AC_11,230457.166,222.168,6716468.477,
AC_12,230455.705,222.122,6716467.92,
AC_13,230454.168,221.766,6716467.406,
AC_14,230452.843,221.435,6716467.174,
AC_15,230451.574,221.258,6716466.714,
AC_16,230450.128,221.3,6716466.078,
AC_17,230449.136,221.225,6716465.494,
AC_18,230446.967,221.11,6716463.561,
AC_19,230445.692,220.983,6716462.882,
AC_20,230444.275,220.828,6716462.27,
AC_21,230443.313,220.253,6716461.384,
AC_22,230441.933,220.382,6716460.231,
AC_23,230440.784,220.742,6716459.399,
AC_24,230439.781,220.763,6716458.183,
AC_25,230438.826,220.812,6716457.048,
AC_26,230437.895,220.951,6716455.805,
AC_27,230436.888,220.822,6716454.676,
AC_28,230435.899,220.696,6716453.534,
AC_29,230434.975,220.65,6716452.393,
AC_30,230434.065,220.516,6716451.14,
AC_31,230432.986,220.434,6716449.819,
AC_32,230432.096,220.345,6716448.652,
AC_33,230431.098,220.22,6716447.624,
AC_34,230429.874,220.109,6716446.103,
AC_35,230428.487,219.999,6716445.424,
AC_36,230426.939,219.153,6716445.04,
AC_37,230425.254,219.083,6716444.479,
AC_38,230423.719,218.85,6716443.809,
AC_39,230422.58,218.224,6716443.205,
AC_40,230421.333,218.281,6716442.341,
AC_41,230420.062,218.431,6716441.373,
AC_42,230418.746,218.615,6716440.224,
AC_43,230417.406,218.323,6716439.336,
AC_44,230416.217,218.09,6716438.554,
AC_45,230414.995,218.306,6716437.826,
AC_46,230413.713,218.279,6716436.968,
AC_47,230412.253,218.279,6716436.421,
AC_48,230410.858,218.279,6716435.729,
AC_49,230409.391,218.323,6716435.107,
point 1,230421.612,220.198,6716438.284,
point 2,230422.776,220.039,6716439.087,
point 3,230424.271,220.039,6716439.827,
point 4,230425.483,220.3,6716440.739,
point 5,230426.931,220.413,6716441.196,
point 6,230428.221,220.55,6716442.093,
point 7,230429.575,220.898,6716442.644,
point 8,230430.975,221.193,6716443.304,
point 9,230432.431,221.451,6716443.833,
point 10,230433.458,221.572,6716444.886,
point 11,230434.536,221.856,6716446.037,
point 12,230435.7,221.95,6716447.127,
point 13,230436.566,222.085,6716448.291,
point 14,230437.594,222.138,6716449.517,
point 15,230438.523,222.305,6716450.582,
point 16,230439.315,222.246,6716451.758,
point 17,230440.405,222.188,6716452.959,
point 18,230441.47,222.283,6716454.012,
point 19,230442.398,222.379,6716455.126,
point 20,230443.513,222.414,6716456.327,
point 21,230444.603,222.584,6716457.181,
point 22,230445.742,222.56,6716458.271,
point 23,230446.943,222.562,6716459.076,
point 24,230448.07,222.826,6716459.98,
point 25,230449.32,222.794,6716461.07,
point 26,230450.484,222.886,6716461.874,
point 27,230451.982,222.947,6716462.357,
point 28,230453.159,223.171,6716463.162,
point 29,230454.669,223.331,6716463.558,
point 30,230457.332,223.574,6716464.735,
point 31,230460.945,223.845,6716467.446,
point 32,230462.007,224.585,6716468.391,
point 33,230458.444,223.326,6716465.64,
point 34,230459.633,223.729,6716466.738,
point 35,230463.289,224.738,6716469.386,
point 36,230463.957,224.376,6716470.748,
point 37,230464.316,223.628,6716472.197,
point 38,230466.223,224.752,6716472.94,
point 39,230468.006,226.362,6716473.027,
point 40,230468.985,226.291,6716474.191,
point 41,230469.789,226.477,6716475.342,
point 42,230470.805,226.917,6716476.506,
point 43,230467.016,225.058,6716474.017,
point 44,230467.845,224.622,6716475.317,
point 45,230467.598,223.044,6716477.831,
point 46,230466.582,223.209,6716476.568,
point 47,230465.778,222.948,6716475.491,
point 48,230465.022,223.303,6716474.153,
point 49,230470.087,228.064,6716472.841,
point 50,230469.331,227.737,6716471.739,
point 51,230470.99,228.037,6716474.265,
point 52,230469.789,228.338,6716471.008,
point 53,230466.26,226.385,6716470.253,
point 54,230464.849,225.925,6716469.448,
point 55,230463.97,225.951,6716468.507,
point 56,230463.115,226.293,6716467.504,
point 57,230461.84,225.803,6716466.526,
point 58,230460.812,225.835,6716465.325,
point 59,230459.983,225.907,6716464.322,
point 60,230458.856,226.114,6716463.294,
point 61,230457.927,226.128,6716462.155,
point 62,230456.689,226.105,6716461.028,
point 63,230455.599,226.004,6716460.037,
point 64,230453.952,225.636,6716458.713,
point 65,230453.075,225.79,6716457.434,
point 66,230451.755,225.551,6716456.634,
point 67,230450.655,225.576,6716455.754,
point 68,230449.555,225.372,6716454.814,
point 69,230448.615,225.549,6716453.754,
point 70,230447.375,225.371,6716452.614,
point 71,230446.115,225.374,6716451.414,
point 72,230445.055,225.391,6716450.454,
point 73,230444.015,225.335,6716449.514,
point 74,230443.215,225.254,6716448.394,
point 75,230442.235,225.187,6716447.174,
point 76,230441.335,224.958,6716445.814,
point 77,230440.334,224.972,6716444.774,
point 78,230439.574,225.026,6716443.454,
point 79,230438.374,224.627,6716442.394,
point 80,230437.554,224.903,6716441.153,
point 81,230436.494,224.558,6716440.313,
point 82,230435.554,224.397,6716439.773,
point 83,230434.494,224.118,6716439.133,
point 84,230433.014,223.572,6716438.873,
point 85,230431.554,223.449,6716438.053,
point 86,230430.321,223.086,6716437.463,
point 87,230428.885,222.703,6716436.808,
point 88,230427.865,222.986,6716435.628,
point 89,230426.461,222.675,6716434.921,
point 90,230425.259,222.873,6716433.968,
point 91,230424.281,222.563,6716433.993,
point 92,230423.116,221.441,6716436.102,
point 93,230424.383,221.295,6716436.93,
point 94,230425.834,221.479,6716437.554,
point 95,230427.185,221.655,6716438.207,
point 96,230428.381,221.589,6716438.931,
point 97,230429.75,221.934,6716439.419,
point 98,230431.101,222.285,6716440.261,
point 99,230432.414,222.339,6716440.917,
point 100,230433.64,222.827,6716441.685,
point 101,230434.841,222.98,6716442.49,
point 102,230435.745,223.122,6716443.592,
point 103,230436.649,223.273,6716444.681,
point 104,230437.825,223.404,6716445.783,
point 105,230438.494,223.556,6716446.762,
point 106,230439.521,223.583,6716448.049,
point 107,230440.809,223.62,6716449.486,
point 108,230441.862,223.579,6716450.823,
point 109,230442.976,223.708,6716451.913,
point 110,230443.954,223.783,6716453.126,
point 111,230444.92,223.787,6716454.265,
point 112,230446.344,223.974,6716455.243,
point 113,230447.409,223.957,6716456.11,
point 114,230448.412,223.969,6716456.965,
point 115,230449.415,223.976,6716458.091,
point 116,230450.777,224.079,6716458.958,
point 117,230451.978,224.222,6716459.713,
point 118,230453.191,224.43,6716460.741,
point 119,230454.269,224.399,6716461.608,
point 120,230455.507,224.548,6716462.339,
point 121,230456.795,224.699,6716463.131,
point 122,230425.276,223.804,6716431.647,
point 123,230427.158,224.381,6716432.068,
point 124,230428.347,224.312,6716432.861,
point 125,230429.499,224.453,6716433.789,
point 126,230430.841,224.576,6716434.361,
point 127,230432.11,224.966,6716435.226,
point 128,230433.37,224.866,6716436.116,
point 129,230434.67,224.99,6716436.909,
point 130,230436.132,225.59,6716437.206,
point 131,230437.122,225.584,6716437.899,
point 132,230439.76,226.442,6716439.261,
point 133,230440.738,226.616,6716440.264,
point 134,230441.506,226.614,6716441.589,
point 135,230442.548,226.706,6716442.681,
point 136,230443.529,226.796,6716443.648,
point 137,230444.296,226.569,6716444.874,
point 138,230445.225,226.799,6716446.087,
point 139,230446.179,226.938,6716447.251,
point 140,230446.81,226.622,6716448.526,
point 141,230448.197,226.819,6716449.48,
point 142,230450.364,226.916,6716451.399,
point 143,230449.212,226.858,6716450.743,
point 144,230451.441,226.936,6716452.464,
point 145,230452.494,227.117,6716453.566,
point 146,230453.744,227.165,6716453.999,
point 147,230454.846,227.043,6716455.3,
point 148,230455.973,227.142,6716456.303,
point 149,230457.298,227.411,6716457.33,
point 150,230458.462,227.693,6716458.16,
point 151,230459.403,227.676,6716459.299,
point 152,230460.629,227.983,6716460.376,
point 153,230461.855,228.253,6716461.367,
point 154,230462.994,228.929,6716462.159,
point 155,230464.517,228.69,6716464.413,
point 156,230467.018,229.492,6716465.54,
point 157,230468.405,229.287,6716466.852,
point 158,230466.857,228.095,6716467.348,
point 159,230467.266,227.272,6716469.49,
point 160,230469.118,230.821,6716466.269,
point 161,230468.138,230.899,6716464.578,
point 162,230467.375,231.182,6716462.061,
point 163,230466.294,231.109,6716460.301,
point 164,230465.614,231.139,6716459.301,
point 165,230464.674,231.267,6716457.761,
point 166,230463.694,231.067,6716456.661,
point 167,230462.814,230.862,6716455.521,
point 168,230461.794,230.672,6716454.421,
point 169,230460.794,230.559,6716453.261,
point 170,230459.854,230.364,6716452.101,
point 171,230458.734,230.091,6716451.341,
point 172,230457.614,230.06,6716450.381,
point 173,230456.102,229.87,6716449.49,
point 174,230455.136,229.926,6716448.561,
point 175,230454.084,229.928,6716447.534,
point 176,230452.87,229.697,6716446.432,
point 177,230451.892,229.665,6716445.528,
point 178,230450.827,229.529,6716444.339,
point 179,230449.961,229.341,6716443.584,
point 180,230449.081,229.562,6716442.036,
point 181,230447.893,229.346,6716440.637,
point 182,230447.187,229.524,6716439.262,
point 183,230446.568,229.684,6716437.764,
point 184,230445.775,229.495,6716436.377,
point 185,230444.909,229.269,6716435.374,
point 186,230443.906,229.244,6716434.012,
point 187,230442.717,229.036,6716433.492,
point 188,230439.758,228.478,6716432.489,
point 189,230438.21,228.266,6716432.105,
point 190,230436.724,227.992,6716431.461,
point 191,230435.349,227.782,6716430.867,
point 192,230433.938,227.587,6716430.458,
point 193,230432.749,227.48,6716429.963,
point 194,230431.239,227.345,6716428.985,
point 195,230429.963,227.077,6716428.329,
point 196,230428.651,227.119,6716427.635,
point 197,230430.069,225.827,6716431.303,
point 198,230431.406,226.016,6716432.232,
point 199,230432.657,226.094,6716432.925,
point 200,230433.998,226.402,6716433.713,
point 201,230435.446,226.298,6716434.406,
point 202,230436.642,226.615,6716434.972,
point 203,230438.153,226.878,6716435.318,
point 204,230442.027,227.825,6716437.421,
point 205,230443.465,228.092,6716438.212,
point 206,230443.953,227.949,6716439.519,
point 207,230444.834,228.113,6716440.73,
point 208,230445.369,228.016,6716442.147,
point 209,230446.502,228.152,6716443.421,
point 210,230447.446,228.063,6716444.507,
point 211,230448.28,228.19,6716445.593,
point 212,230449.24,228.286,6716446.711,
point 213,230450.421,228.345,6716447.765,
point 214,230452.672,228.55,6716449.498,
point 215,230453.645,228.586,6716450.364,
point 216,230454.974,228.545,6716451.615,
point 217,230456.039,228.643,6716452.445,
point 218,230457.129,228.735,6716453.472,
point 219,230458.342,228.97,6716454.215,
point 220,230459.469,229.052,6716455.194,
point 221,230460.534,229.374,6716456.345,
point 222,230461.599,229.628,6716457.497,
point 223,230462.404,229.545,6716458.76,
point 224,230463.506,229.892,6716459.874,
point 225,230464.496,229.929,6716461.533,
point 226,230472.079,229.007,6716475.258,
point 227,230432.091,228.847,6716425.542,
point 228,230433.838,228.909,6716426.486,
point 229,230435.553,229.095,6716427.305,
point 230,230437.268,229.392,6716428.06,
point 231,230439.204,229.772,6716428.627,
point 232,230440.51,229.834,6716429.414,
point 233,230442.351,230.135,6716430.043,
point 234,230444.004,230.469,6716431.019,
point 235,230445.404,230.445,6716432.152,
point 236,230446.915,230.65,6716433.552,
point 237,230448.143,230.925,6716435.236,
point 238,230449.04,230.868,6716436.967,
point 239,230450.204,230.908,6716438.636,
point 240,230451.18,230.945,6716440.272,
point 241,230452.533,231.071,6716441.83,
point 242,230453.824,231.042,6716443.42,
point 243,230454.941,230.923,6716444.805,
point 244,230456.515,231.342,6716446.079,
point 245,230457.916,231.355,6716447.244,
point 246,230459.332,231.47,6716448.235,
point 247,230460.953,231.675,6716449.038,
point 248,230462.259,231.914,6716450.627,
point 249,230463.077,232.106,6716451.902,
point 250,230464.21,232.412,6716453.728,
point 251,230465.517,232.709,6716455.223,
point 252,230466.728,232.492,6716456.812,
point 253,230468.078,232.856,6716458.281,
point 254,230469.689,233.085,6716459.723,
point 255,230471.46,233.461,6716461.779,
point 256,230472.443,233.736,6716463.771,
point 257,230472.542,234.774,6716459.78,
point 258,230471.541,234.648,6716458.256,
point 259,230470.401,234.238,6716456.795,
point 260,230469.144,234.113,6716455.285,
point 261,230467.936,233.999,6716453.511,
point 262,230466.66,234.023,6716452.099,
point 263,230465.325,233.563,6716450.569,
point 264,230464.234,233.288,6716449.195,
point 265,230462.636,232.935,6716447.666,
point 266,230461.46,232.809,6716446.086,
point 267,230460.506,232.975,6716444.947,
point 268,230459.182,233.068,6716443.61,
point 269,230457.795,233.111,6716442.062,
point 270,230456.408,233.067,6716440.564,
point 271,230455.318,233.151,6716438.929,
point 272,230454.352,233.206,6716437.158,
point 273,230453.003,233.139,6716435.381,
point 274,230451.665,232.767,6716434.082,
point 275,230450.505,232.749,6716432.162,
point 276,230449.225,232.441,6716430.722,
point 277,230447.485,232.218,6716429.682,
point 278,230445.749,231.685,6716429.125,
point 279,230443.987,231.625,6716428.244,
point 280,230442.082,231.24,6716427.74,
point 281,230440.225,230.834,6716427.142,
point 282,230438.526,230.735,6716426.041,
point 283,230436.748,230.426,6716425.238,
point 284,230434.969,229.918,6716424.42,
point 285,230433.349,230.095,6716423.046,
point 286,230438.637,232.444,6716420.867,
point 287,230440.358,232.527,6716421.993,
point 288,230442.054,232.838,6716422.736,
point 289,230440.568,232.2,6716423.479,
point 290,230443.978,232.86,6716423.693,
point 291,230445.538,233.071,6716424.313,
point 292,230447.198,233.253,6716425.513,
point 293,230448.258,233.091,6716426.874,
point 294,230451.297,233.644,6716428.858,
point 295,230452.528,234.333,6716430.241,
point 296,230454.101,235.126,6716431.43,
point 297,230457.181,235.587,6716434.09,
point 298,230458.196,235.6,6716435.743,
point 299,230459.738,235.719,6716437.096,
point 300,230460.916,235.296,6716438.955,
point 301,230462.056,235.147,6716440.535,
point 302,230463.196,234.817,6716441.855,
point 303,230464.056,234.745,6716443.756,
point 304,230465.416,234.488,6716445.296,
point 305,230466.396,234.659,6716446.656,
point 306,230467.156,234.845,6716447.876,
point 307,230468.237,235.18,6716449.116,
point 308,230469.057,235.3,6716450.436,
point 309,230469.937,235.345,6716451.716,
point 310,230470.297,235.29,6716452.916,
point 311,230471.477,235.499,6716454.276,
point 312,230472.217,235.79,6716455.636,
point 313,230473.037,236.045,6716456.616,
point 314,230474.781,236.178,6716458.973,
point 315,230476.155,237.543,6716457.648,
point 316,230473.47,236.999,6716453.053,
point 317,230472.579,237.079,6716451.571,
point 318,230471.582,237.084,6716449.778,
point 319,230470.37,236.511,6716448,
point 320,230469.461,236.354,6716446.265,
point 321,230467.273,236.252,6716442.993,
point 322,230466.356,236.314,6716441.371,
point 323,230465.279,236.483,6716439.65,
point 324,230463.843,236.29,6716438.672,
point 325,230462.914,236.283,6716437.409,
point 326,230461.787,236.475,6716435.874,
point 327,230460.822,236.674,6716434.313,
point 328,230459.695,237.044,6716432.753,
point 329,230458.283,237.076,6716431.49,
point 330,230456.971,237.24,6716429.93,
point 331,230455.175,236.604,6716428.741,
point 332,230453.689,235.677,6716427.763,
point 333,230452.748,235.295,6716426.451,
point 334,230451.374,235.08,6716424.965,
point 335,230450.148,235.138,6716423.578,
point 336,230448.526,234.87,6716422.402,
point 337,230446.693,234.48,6716421.498,
point 338,230445.195,234.372,6716420.718,
point 339,230443.523,234.347,6716419.727,
point 340,230441.839,234.218,6716418.712,
point 341,230439.908,233.953,6716418.229,
point 342,230439.029,234.295,6716417.015,
point 343,230442.79,235.582,6716416.144,
point 344,230444.65,235.633,6716416.884,
point 345,230446.49,236.046,6716417.704,
point 346,230448.27,236.08,6716418.684,
point 347,230449.95,236.251,6716419.324,
point 348,230453.347,237.182,6716421.874,
point 349,230454.521,237.443,6716423.415,
point 350,230455.968,237.313,6716424.942,
point 351,230457.585,237.88,6716426.179,
point 352,230459.136,238.101,6716427.857,
point 353,230460.433,238.207,6716429.204,
point 354,230462.085,238.421,6716430.5,
point 355,230463.585,238.587,6716432.051,
point 356,230464.881,238.643,6716433.576,
point 357,230465.389,238.274,6716435.587,
point 358,230465.846,238.028,6716437.253,
point 359,230466.406,237.328,6716439.013,
point 360,230467.967,237.51,6716440.413,
point 361,230469.167,237.777,6716441.973,
point 362,230470.127,237.807,6716443.413,
point 363,230472.203,238.096,6716446.396,
point 364,230473.252,238.304,6716448.662,
point 365,230474.872,238.128,6716452.164,
point 366,230477.201,239.151,6716454.76,
point 367,230478.334,239.222,6716456.161,
point 368,230482.887,242.914,6716454.501,
point 369,230481.659,242.929,6716453.037,
point 370,230480.83,242.641,6716451.576,
point 371,230478.624,242.412,6716448.733,
point 372,230477.447,241.682,6716447.173,
point 373,230444.527,237.118,6716413.807,
point 374,230446.148,237.138,6716414.924,
point 375,230448.005,237.774,6716415.538,
point 376,230449.673,237.748,6716416.451,
point 377,230451.137,237.799,6716417.474,
point 378,230453.39,238.117,6716418.235,
point 379,230455.027,238.497,6716419.022,
point 380,230459.354,240.396,6716419.368,
point 381,230460.472,240.549,6716421.067,
point 382,230461.851,240.783,6716422.517,
point 383,230463.173,241.2,6716423.712,
point 384,230464.647,241.347,6716425.288,
point 385,230465.923,241.393,6716426.969,
point 386,230467.124,241.635,6716428.331,
point 387,230468.452,241.634,6716429.924,
point 388,230469.426,241.886,6716430.966,
point 389,230470.07,242.159,6716432.244,
point 390,230470.671,242.122,6716433.744,
point 391,230471.731,242.242,6716435.245,
point 392,230472.811,242.209,6716436.705,
point 393,230474.191,242.414,6716437.825,
point 394,230475.411,242.613,6716438.985,
point 395,230476.291,242.843,6716439.805,
point 396,230476.791,243.004,6716441.045,
point 397,230477.331,243.435,6716442.545,
point 398,230477.973,243.564,6716443.899,
point 399,230480.771,245.018,6716445.546,
point 400,230482.121,246.4,6716446.24,
point 401,230483.768,246.628,6716447.911,
point 402,230484.436,246.381,6716449.075,
point 403,230485.316,246.499,6716450.536,
point 404,230485.823,246.311,6716452.059,
point 405,230484.004,244.486,6716453.646,
point 406,230485.156,245.662,6716452.643,
point 407,230482.791,243.852,6716452.458,
point 408,230482.11,244.038,6716451.145,
point 409,230483.559,245.574,6716449.845,
point 410,230482.68,245.768,6716448.433,
point 411,230480.847,244.252,6716449.251,
point 412,230481.491,245.129,6716446.997,
point 413,230479.497,243.608,6716446.205,
point 414,230476.663,242.724,6716444.565,
point 415,230475.995,242.297,6716443.203,
point 416,230475.462,241.898,6716441.655,
point 417,230474.886,241.811,6716440.673,
point 418,230473.945,241.585,6716439.633,
point 419,230472.955,241.393,6716438.68,
point 420,230471.58,241.269,6716437.54,
point 421,230470.193,240.885,6716436.352,
point 422,230469.129,240.873,6716434.866,
point 423,230467.841,240.369,6716433.293,
point 424,230466.739,240.363,6716431.721,
point 425,230465.538,240.124,6716430.346,
point 426,230464.287,239.964,6716429.108,
point 427,230462.9,239.764,6716427.498,
point 428,230461.6,239.759,6716426.198,
point 429,230460.089,239.244,6716424.799,
point 430,230458.864,238.94,6716423.486,
point 431,230457.588,238.879,6716421.926,
point 432,230446.984,238.451,6716413.481,
point 433,230448.953,238.615,6716414.533,
point 434,230443.314,238.784,6716409.942,
point 435,230450.894,238.862,6716415.019,
point 436,230452.927,238.997,6716415.451,
point 437,230454.732,239.329,6716416.239,
point 438,230456.384,239.535,6716417.002,
point 439,230458.164,240.358,6716417.688,
point 440,230461.011,241.934,6716417.79,
point 441,230461.85,241.905,6716419.112,
point 442,230463.019,242.135,6716420.332,
point 443,230464.621,242.581,6716421.374,
point 444,230471.459,242.84,6716431.309,
point 445,230472.277,243.247,6716432.757,
point 446,230473.474,243.307,6716434.457,
point 447,230474.197,243.527,6716435.7,
point 448,230475.299,243.448,6716436.943,
point 449,230476.259,243.65,6716437.903,
point 450,230477.235,243.876,6716438.926,
point 451,230478.147,244.246,6716440.5,
point 452,230478.683,244.54,6716442.026,
point 453,230479.137,244.929,6716443.257,
point 454,230480.836,246.044,6716443.373,
point 455,230482.858,247.88,6716444.704,
point 456,230484.338,248.279,6716445.886,
point 457,230485.361,248.679,6716446.531,
point 458,230488.115,251.141,6716446.814,
point 459,230486.762,250.881,6716445.744,
point 460,230484.338,250.343,6716443.525,
point 461,230483.048,250.138,6716441.967,
point 462,230481.695,247.876,6716442.754,
point 463,230480.105,246.144,6716441.605,
point 464,230479.916,245.606,6716440.567,
point 465,230479.019,245.549,6716439.528,
point 466,230478.563,245.558,6716437.97,
point 467,230477.832,245.168,6716437.029,
point 468,230476.706,244.998,6716436.113,
point 469,230475.975,245,6716434.738,
point 470,230475.319,245.031,6716433.537,
point 471,230474.34,244.722,6716431.395,
point 472,230489.334,253.008,6716446.234,
point 473,230490.874,255.927,6716445.234,
point 474,230493.594,258.229,6716445.754,
point 475,230495.134,261.876,6716442.294,
point 476,230493.265,259.311,6716443.731,
point 477,230492.039,257.72,6716444.412,
point 478,230492.299,259.044,6716442.431,
point 479,230490.924,257.188,6716442.79,
point 480,230489.996,255.384,6716443.843,
point 481,230488.993,253.702,6716444.474,
point 482,230487.928,252.157,6716444.982,
point 483,230486.727,251.99,6716443.917,
point 484,230485.705,251.871,6716442.953,
point 485,230487.825,253.343,6716443.333,
point 486,230488.705,255.365,6716442.573,
point 487,230489.914,257.197,6716441.367,
point 488,230490.991,258.454,6716440.946,
point 489,230492.267,260.416,6716440.178,
point 490,230493.777,262.07,6716439.274,
point 491,230492.378,261.691,6716438.172,
point 492,230491.573,261.064,6716438.667,
point 493,230490.224,258.753,6716439.831,
point 494,230488.936,257.545,6716440.228,
point 495,230487.772,255.313,6716441.33,
point 496,230488.081,257.715,6716439.212,
point 497,230489.196,259.05,6716438.68,
point 498,230489.914,259.906,6716437.912,
point 499,230485.84,253.438,6716440.97,
point 500,230486.905,255.7,6716440.104,
point 501,230484.43,251.25,6716441.469,
point 502,230481.105,247.687,6716440.949,
point 503,230481.971,248.671,6716440.493,
point 504,230483.497,250.818,6716440.304,
point 505,230484.41,252.761,6716439.769,
point 506,230485.59,255.356,6716439.014,
point 507,230486.833,256.949,6716438.258,
point 508,230493.043,262.682,6716437.021,
point 509,230485.984,256.137,6716437.014,
point 510,230484.08,253.835,6716437.671,
point 511,230483.692,252.567,6716438.649,
point 512,230480.725,248.363,6716436.287,
point 513,230478.942,246.363,6716436.063,
point 514,230479.097,246.158,6716437.633,
point 515,230478.231,246.497,6716435.061,
point 516,230480.45,247.871,6716434.919,
point 517,230479.474,247.598,6716434.022,
point 518,230477.633,246.585,6716433.912,
point 519,230476.484,245.956,6716432.795,
point 520,230478.703,247.7,6716432.952,
point 521,230481.001,249.726,6716432.952,
point 522,230481.85,249.704,6716434.478,
point 523,230482.621,251.465,6716435.58,
point 524,230483.078,252.236,6716437.185,
point 525,230484.825,254.556,6716435.47,
point 526,230485.722,255.866,6716435.328,
point 527,230487.075,257.428,6716434.777,
point 528,230487.516,258.123,6716433.786,
point 529,230488.413,259.137,6716432.433,
point 530,230487.878,258.803,6716431.315,
point 531,230486.902,257.435,6716432.433,
point 532,230485.564,255.547,6716433.55,
point 533,230483.597,253.151,6716433.534,
point 534,230482.291,250.817,6716433.975,
point 535,230481.945,250.806,6716432.448,
point 536,230483.094,252.989,6716432.244,
point 537,230485.077,255.429,6716432.134,
point 538,230486.603,257.633,6716431.362,
point 539,230489.184,260.467,6716430.702,
point 540,230490.27,261.586,6716430.166,
point 541,230490.474,261.672,6716428.341,
point 542,230489.625,261.155,6716428.624,
point 543,230488.507,260.13,6716429.065,
point 544,230487.421,258.259,6716430.229,
point 545,230486.398,256.988,6716430.355,
point 546,230485.077,255.543,6716431.032,
point 547,230482.842,252.52,6716431.063,
point 548,230481.803,251.261,6716431.174,
point 549,230480.67,249.636,6716432.023,
point 550,230477.822,247.536,6716431.803,
point 551,230475.666,246.115,6716430.875,
point 552,230475.099,245.935,6716429.301,
point 553,230473.95,244.79,6716429.946,
point 554,230473.195,245.079,6716428.058,
point 555,230472.219,245.211,6716426.185,
point 556,230471.118,245.246,6716424.706,
point 557,230469.827,245.395,6716421.07,
point 558,230468.946,245.236,6716420.032,
point 559,230468.474,245.278,6716418.836,
point 560,230466.255,245.706,6716415.169,
point 561,230464.728,245.105,6716414.209,
point 562,230463.989,244.634,6716413.69,
point 563,230462.525,244.494,6716412.73,
point 564,230460.794,243.885,6716411.88,
point 565,230459.315,243.434,6716411.376,
point 566,230458.071,243.56,6716410.212,
point 567,230456.608,243.038,6716409.566,
point 568,230453.878,242.484,6716408.729,
point 569,230452.417,242.375,6716408.189,
point 570,230455.358,242.643,6716408.989,
point 571,230452.097,241.387,6716409.069,
point 572,230450.557,241.294,6716408.509,
point 573,230453.438,243.704,6716407.269,
point 574,230454.758,244.068,6716407.189,
point 575,230456.598,244.275,6716407.669,
point 576,230457.118,245.621,6716405.569,
point 577,230458.498,245.766,6716406.469,
point 578,230460.598,245.867,6716407.849,
point 579,230462.038,245.959,6716409.049,
point 580,230459.718,245.955,6716407.209,
point 581,230457.898,244.085,6716408.289,
point 582,230459.118,244.555,6716409.069,
point 583,230462.898,245.219,6716411.009,
point 584,230463.438,245.412,6716410.889,
point 585,230459.742,247.68,6716404.268,
point 586,230461.268,249.02,6716403.072,
point 587,230461.913,249.914,6716402.112,
point 588,230459.836,249.261,6716401.719,
point 589,230456.374,246.046,6716404.52,
point 590,230463.944,251.145,6716401.908,
point 591,230463.125,250.042,6716403.183,
point 592,230462.417,248.881,6716404.08,
point 593,230461.127,247.534,6716405.512,
point 594,230462.165,247.461,6716406.424,
point 595,230463.456,247.726,6716407.133,
point 596,230465.36,248.687,6716406.928,
point 597,230466.241,249.986,6716406.598,
point 598,230463.739,248.908,6716404.945,
point 599,230464.321,249.788,6716404.174,
point 600,230464.652,250.691,6716403.466,
point 601,230466.288,253.074,6716402.537,
point 602,230467.17,254.359,6716402.034,
point 603,230464.982,252.343,6716401.294,
point 604,230465.816,254.245,6716400.224,
point 605,230466.525,255.233,6716400.067,
point 606,230467.658,256.371,6716399.469,
point 607,230468.476,257.017,6716399.044,
point 608,230469.656,258.193,6716398.414,
point 609,230468.303,253.64,6716404.63,
point 610,230466.682,251.521,6716404.394,
point 611,230469.436,255.154,6716404.095,
point 612,230470.412,256.605,6716403.198,
point 613,230471.029,256.483,6716404.654,
point 614,230470.274,255.428,6716405.268,
point 615,230469.912,254.667,6716405.96,
point 616,230470.903,255.172,6716406.716,
point 617,230472.194,256.414,6716406.086,
point 618,230473.248,257.032,6716406.007,
point 619,230473.94,257.585,6716405.472,
point 620,230473.185,257.759,6716404.402,
point 621,230472.036,257.713,6716403.364,
point 622,230473.28,258.851,6716402.687,
point 623,230474.099,259.819,6716402.119,
point 624,230475.003,260.48,6716401.921,
point 625,230475.486,260.755,6716401.55,
point 626,230476.179,261.628,6716400.856,
point 627,230475.238,261.592,6716399.779,
point 628,230474.532,261.037,6716400.572,
point 629,230476.984,261.656,6716401.612,
point 630,230476.427,261.068,6716402.231,
point 631,230475.201,259.951,6716402.986,
point 632,230473.926,258.374,6716404.088,
point 633,230478.445,261.799,6716403.023,
point 634,230477.492,260.897,6716403.271,
point 635,230476.055,260.028,6716404.175,
point 636,230474.99,258.526,6716404.794,
point 637,230476.192,258.982,6716406.032,
point 638,230477.108,260.151,6716405.252,
point 639,230478.346,261.032,6716404.571,
point 640,230479.411,261.931,6716403.964,
point 641,230475.312,258.068,6716406.701,
point 642,230468.663,255.556,6716402.479,
point 643,230468.49,256.188,6716400.646,
point 644,230469.381,257.17,6716400.089,
point 645,230470.533,258.384,6716399.507,
point 646,230449.092,240.494,6716410.045,
point 647,230451.106,240.424,6716410.328,
point 648,230452.869,240.489,6716410.879,
point 649,230453.637,241.606,6716409.452,
point 650,230454.875,241.786,6716410.121,
point 651,230456.151,242.125,6716410.988,
point 652,230457.253,242.427,6716411.694,
point 653,230456.349,241.541,6716412.362,
point 654,230458.033,242.117,6716413.365,
point 655,230459.742,242.56,6716413.873,
point 656,230461.624,243.499,6716413.848,
point 657,230457.785,241.157,6716414.975,
point 658,230456.299,240.887,6716413.873,
point 659,230459.291,241.477,6716416.166,
point 660,230463.131,244.017,6716415.237,
point 661,230463.666,243.776,6716417.236,
point 662,230472.995,247.178,6716423.044,
point 663,230486.857,257.99,6716428.674,
point 664,230485.928,256.643,6716429.193,
point 665,230484.717,255.182,6716429.602,
point 666,230481.443,251.139,6716429.98,
point 667,230482.01,252.544,6716429.476,
point 668,230479.838,249.562,6716430.657,
point 669,230478.799,249.229,6716429.382,
point 670,230480.121,250.916,6716428.516,
point 671,230483.237,254.745,6716427.415,
point 672,230486.086,257.972,6716426.691,
point 673,230484.953,256.296,6716426.896,
point 674,230485.377,256.423,6716428.076,
point 675,230484.496,255.086,6716428.375,
point 676,230486.636,258.134,6716427.808,
point 677,230492.774,264.683,6716428.06,
point 678,230492.868,264.515,6716429.712,
point 679,230490.728,261.963,6716431.979,
point 680,230489.768,260.887,6716432.293,
point 681,230488.345,259.64,6716427.634,
point 682,230486.215,257.875,6716425.281,
point 683,230484.37,256.084,6716425.752,
point 684,230482.711,254.815,6716426.098,
point 685,230482.055,254.492,6716425.219,
point 686,230480.21,251.97,6716425.566,
point 687,230479.529,251.087,6716427.275,
point 688,230478.105,249.229,6716428.129,
point 689,230476.833,247.798,6716427.681,
point 690,230475.332,247.375,6716425.561,
point 691,230477.733,249.091,6716425.881,
point 692,230478.793,250.275,6716424.841,
point 693,230483.472,255.518,6716424.682,
point 694,230480.725,253.36,6716423.406,
point 695,230482.849,255.463,6716423.484,
point 696,230482.43,255.403,6716422.178,
point 697,230483.911,256.764,6716421.895,
point 698,230484.836,257.523,6716422.655,
point 699,230485.129,258.199,6716420.853,
point 700,230483.278,256.676,6716420.619,
point 701,230481.495,255.012,6716420.561,
point 702,230479.682,253.225,6716420.814,
point 703,230480.189,253.232,6716422.363,
point 704,230479.156,251.725,6716422.782,
point 705,230478.036,250.584,6716423.211,
point 706,230477.49,249.926,6716422.5,
point 707,230475.726,248.69,6716422.93,
point 708,230474.782,248.609,6716421.671,
point 709,230476.655,248.987,6716423.812,
point 710,230476.56,250.367,6716420.397,
point 711,230477.08,250.103,6716421.86,
point 712,230478.26,251.834,6716420.019,
point 713,230479.063,253.409,6716419.374,
point 714,230480.983,255.34,6716418.697,
point 715,230482.997,256.738,6716418.917,
point 716,230473.901,248.294,6716420.349,
point 717,230471.572,247.062,6716420.05,
point 718,230473.334,248.434,6716419.043,
point 719,230474.656,250.143,6716417.832,
point 720,230475.915,250.672,6716418.729,
point 721,230477.284,251.622,6716419.169,
point 722,230476.671,251.94,6716418.083,
point 723,230477.442,252.863,6716417.595,
point 724,230478.355,253.066,6716418.382,
point 725,230479.975,255.239,6716417.706,
point 726,230481.707,256.845,6716416.887,
point 727,230482.903,258.004,6716416.053,
point 728,230483.595,258.294,6716417.171,
point 729,230485.531,259.559,6716417.769,
point 730,230487.86,260.733,6716418.933,
point 731,230484.98,259.462,6716416.258,
point 732,230486.475,260.844,6716415.55,
point 733,230482.352,258.081,6716415.062,
point 734,230481.282,256.971,6716415.88,
point 735,230479.204,255.229,6716416.872,
point 736,230483.847,259.69,6716414.055,
point 737,230483.328,260.583,6716412.056,
point 738,230485.688,262.636,6716411.442,
point 739,230481.455,258.094,6716413.551,
point 740,230480.715,257.234,6716414.369,
point 741,230478.543,255.553,6716415.723,
point 742,230476.922,253.219,6716416.415,
point 743,230474.562,251.802,6716415.975,
point 744,230471.619,248.512,6716416.588,
point 745,230472.815,250.341,6716414.747,
point 746,230474.467,251.91,6716414.653,
point 747,230476.136,253.584,6716415.298,
point 748,230475.569,253.767,6716414.118,
point 749,230476.797,255.046,6716413.645,
point 750,230477.41,254.901,6716414.495,
point 751,230478.26,255.7,6716414.354,
point 752,230479.094,257.084,6716413.268,
point 753,230480.353,257.998,6716412.497,
point 754,230478.48,256.909,6716412.056,
point 755,230480.511,259.545,6716410.592,
point 756,230479.425,258.902,6716409.491,
point 757,230477.646,257.121,6716411.143,
point 758,230476.12,255.134,6716412.418,
point 759,230475.144,253.778,6716412.937,
point 760,230471.965,249.975,6716413.582,
point 761,230473.303,251.92,6716412.135,
point 762,230474.562,253.723,6716411.93,
point 763,230474.845,254.46,6716410.828,
point 764,230478.339,257.741,6716410.278,
point 765,230477.835,258.119,6716409.113,
point 766,230476.498,256.861,6716410.262,
point 767,230473.869,253.442,6716411.033,
point 768,230472.138,251.934,6716411.19,
point 769,230471.745,251.996,6716410.325,
point 770,230474.751,256.203,6716408.877,
point 771,230478.512,258.997,6716408.295,
point 772,230479.456,259.851,6716407.539,
point 773,230480.337,260.059,6716408.578,
point 774,230481.455,261.014,6716407.854,
point 775,230480.133,262.04,6716405.116,
point 776,230479.173,261.088,6716405.698,
point 777,230478.166,259.865,6716406.312,
point 778,230477.221,258.976,6716407.177,
point 779,230476.214,258.138,6716407.712,
point 780,230473.806,256.26,6716407.854,
point 781,230471.588,255.018,6716408.169,
point 782,230472.563,254.355,6716409.286,
point 783,230473.696,254.563,6716409.868,
point 784,230468.228,252.678,6716406.786,
point 785,230467.56,251.385,6716407.343,
point 786,230466.916,249.505,6716407.851,
point 787,230466.458,248.105,6716408.817,
point 788,230465.74,247.292,6716409.362,
point 789,230464.699,247.677,6716408.247,
point 790,230467.498,249.102,6716409.597,
point 791,230467.882,249.627,6716408.965,
point 792,230468.451,250.893,6716408.383,
point 793,230469.207,252.963,6716408.012,
point 794,230469.41,251.285,6716409.226,
point 795,230468.79,249.572,6716410.204,
point 796,230468.233,248.32,6716411.059,
point 797,230467.366,247.274,6716411.331,
point 798,230467.862,247.288,6716412.507,
point 799,230469.149,248.589,6716411.901,
point 800,230469.979,249.508,6716411.046,
point 801,230471.019,250.216,6716412.173,
point 802,230469.372,248.24,6716413.089,
point 803,230468.267,247.32,6716413.742,
point 804,230469.841,248.075,6716414.498,
point 805,230468.928,247.205,6716415.222,
point 806,230470.643,248.297,6716415.646,
point 807,230469.51,247.222,6716416.465,
point 808,230470.329,247.095,6716417.566,
point 809,230471.131,247.29,6716418.731,
point 810,230473.562,260.777,6716399.34,
point 812,230472.914,256.782,6716407.045,
point 813,230470.05,253.965,6716409.025,
point 814,230471.132,254.114,6716409.563,
point 815,230472.25,254.744,6716409.765,
point 816,230478.903,252.652,6716421.478,
point 817,230479.789,252.602,6716424.259,
point 818,230481.325,254.033,6716427.54,
point 819,230487.447,258.406,6716435.788,
point 820,230488.354,260.052,6716434.944,
point 821,230489.157,261.103,6716434.516,
point 822,230490.191,262.129,6716433.669,
point 823,230491.039,262.591,6716434.675,
point 824,230489.947,261.515,6716435.547,
point 825,230488.933,260.459,6716436.485,
point 826,230488.076,259.25,6716437.12,
point 836,230479.442,243.31,6716450.446,
point 837,230486.615,249.832,6716447.632,
point 838,230468.934,225.525,6716478.077,
point 839,230494.364,266.23,6716430.573,
point 841,230493.533,265.119,6716431.457,
point 842,230492.115,263.826,6716431.673,
point 843,230493.755,264.744,6716433.411,
point 847,230494.792,265.208,6716434.66,
point 848,230493.668,263.794,6716435.899,
point 849,230492.673,263.607,6716434.682,
point 850,230491.99,263.52,6716433.869,
point 851,230491.996,262.685,6716436.13,
point 852,230490.928,261.794,6716436.976,
point 853,230494.448,264.007,6716437.019,
point 854,230495.67,265.317,6716436.149,
point 868,230488.466,261.533,6716422.455,
point 869,230488.137,261.384,6716420.852,
point 870,230486.882,260.29,6716420.026,
point 871,230486.295,259.953,6716419.064,
point 872,230484.525,258.436,6716419.573,
point 873,230487.981,260.869,6716422.814,
point 874,230487.26,260.461,6716421.31,
point 875,230486.345,259.244,6716422.647,
point 876,230486.774,259.214,6716423.914,
point 877,230485.436,257.978,6716424.047,
point 878,230487.749,259.642,6716425.183,
point 879,230488.071,259.999,6716426.451,
point 880,230488.949,260.964,6716425.723,
point 881,230488.269,260.669,6716424.414,
point 882,230488.873,261.575,6716423.78,
point 883,230489.757,261.814,6716425.468,
point 884,230490.165,262.06,6716427.103,
point 885,230491.6,263.83,6716429.599,
point 886,230490.599,262.561,6716429.894,
point 887,230491.656,263.892,6716427.974,
point 888,230494.358,262.338,6716440.91,
point 891,230495.499,263.301,6716440.591,
point 898,230481.355,262.634,6716406.028,
point 899,230482.664,263.045,6716407.051,
point 900,230483.494,263.215,6716408.024,
point 901,230484.589,263.343,6716409.273,
point 902,230485.388,263.514,6716409.981,
point 903,230486.548,263.974,6716411.079,
point 904,230487.248,264.285,6716411.663,
point 905,230487.748,263.98,6716413.103,
point 906,230488.471,263.955,6716414.518,
point 907,230489.324,263.989,6716415.903,
point 908,230489.995,264.048,6716417.18,
point 909,230490.859,264.096,6716418.889,
point 910,230491.474,264.51,6716420.053,
point 911,230492.447,265.341,6716421.579,
point 912,230493.048,265.69,6716423.005,
point 913,230493.247,266.161,6716424.632,
point 914,230492.007,264.231,6716425.59,
point 915,230491.698,263.793,6716423.707,
point 916,230490.63,263.693,6716422.026,
point 917,230490.319,263.444,6716420.331,
point 918,230489.892,263.196,6716419.167,
point 919,230489.246,262.982,6716417.769,
point 920,230487.717,262.499,6716415.876,
point 921,230486.602,263.16,6716412.636,
point 922,230487.182,262.75,6716414.221,
point 923,230484.087,262.287,6716410.865,
point 924,230483.43,262.164,6716409.992,
point 925,230481.896,261.539,6716408.958,
point 926,230480.3,261.321,6716406.881,
point 927,230474.203,261.854,6716398.707,
point 928,230473.521,261.9,6716397.291,
point 929,230471.627,261.185,6716396.102,
point 930,230471.238,260.299,6716396.937,
point 931,230470.416,259.142,6716398.194,
point 932,230471.267,259.4,6716398.966,
point 933,230472.159,259.47,6716400.259,
point 934,230472.846,259.716,6716401.175,
point 935,230471.989,258.831,6716401.739,
point 936,230471.202,258.674,6716400.718,
point 937,230470.763,258.007,6716402.011,
point 938,230469.973,257.723,6716401.282,
point 939,230469.316,256.958,6716401.988,
point 940,230467.814,255.875,6716401.295,
point 941,230481.139,259.754,6716411.728,
point 942,230482.463,259.636,6716413.015,
point 943,230482.017,260.801,6716410.988,
point 944,230481.2,260.67,6716409.827,
point 945,230484.681,261.19,6716413.44,
point 946,230485.393,261.094,6716414.396,
point 947,230484.095,259.773,6716415.121,
point 948,230494.085,261.184,6716443.109,
point 949,230494.647,260.124,6716445.061,
point 950,230495.562,261.685,6716444.183,
point 951,230496.495,262.75,6716443.434,
point 962,230493.834,265.811,6716429.424,
point 963,230495.435,266.893,6716432.066,
point 970,230487.265,261.257,6716417.311,
point 971,230486.784,261.285,6716416.278,
point 972,230490.012,254.863,6716446.067,
point 973,230486.732,253.951,6716442.352,
point 974,230484.665,255.372,6716437.738,
point 975,230480.787,252.685,6716426.741,
point 976,230481.115,252.648,6716427.847,
point 977,230467.038,253.236,6716403.745,
point 978,230467.587,253.106,6716405.017,
point 979,230467,251.622,6716405.638,
point 980,230464.461,245.865,6716412.104,
point 984,230468.783,225.53,6716476.56,
point 985,230460.212,220.765,6716473.734,
point 986,230471.517,229.805,6716473.209,
point 987,230472.586,230.252,6716474.124,
point 988,230469.331,228.964,6716469.213,
point 989,230470.824,229.631,6716471.531,
point 990,230467.339,226.597,6716471.388,
point 991,230462.982,223.48,6716471.3,
point 992,230499.301,265.016,6716443.177,
point 993,230502.047,267.972,6716440.775,
point 994,230500.766,266.874,6716441.501,
point 995,230499.938,265.95,6716442.264,
point 996,230495.443,266.143,6716434.214,
point 997,230496.766,266.752,6716435.619,
point 998,230497.336,267.966,6716434.793,
point 999,230498.342,267.863,6716436.018,
point 1000,230499.465,268.122,6716437.211,
point 1001,230500.416,268.114,6716438.185,
point 1002,230497.566,266.968,6716436.633,
point 1003,230496.516,265.801,6716437.214,
point 1004,230495.437,264.501,6716437.843,
point 1005,230494.922,263.627,6716438.641,
point 1006,230496.396,264.778,6716439.326,
point 1007,230497.367,265.987,6716438.533,
point 1008,230498.282,267.015,6716437.717,
point 1009,230499.235,267.028,6716439.334,
point 1010,230498.421,266.07,6716440.099,
point 1011,230497.257,264.738,6716440.942,
point 1012,230496.341,263.653,6716441.596,
point 1013,230497.398,263.83,6716442.567,
point 1014,230498.314,264.893,6716441.86,
point 1015,230480.804,247.922,6716439.748,
point 1016,230480.463,247.743,6716438.52,
point 1017,230479.812,247.127,6716437.463,
point 1018,230481.949,250.888,6716436.118,
point 1019,230481.5,249.527,6716439.352,
point 1020,230468.022,236.474,6716444.775,
point 1021,230501.276,267.866,6716439.361,
point 1022,230499.996,266.867,6716440.422,
point 1023,230499.263,265.936,6716441.05,
point 1024,230481.586,246.662,6716444.679,
point 1025,230475.982,238.954,6716453.421,
point 1026,230473.753,238.41,6716450.405,
point 1027,230471.171,238.094,6716445.053,
point 1028,230457.649,224.826,6716464.334,
point 1029,230458.577,225.007,6716465.307,
point 1030,230479.56,258.579,6716411.432,
point 1031,230436.825,232.649,6716420.063,
point 1032,230445.226,238.658,6716412.388,
