A1,232042.987,316.208,6716396.001,
A10,232058.713,317,6716402.178,
A100,232192.9488,323.818681,6716493.074,
A101,232194.2118,323.82505,6716494.365,
A102,232195.6819,324.097342,6716495.232,
A103,232197.0368,324.177771,6716496.28,
A104,232198.6325,324.170557,6716497.437,
A105,232200.411,324.457879,6716497.69,
A106,232202.3141,324.598105,6716498.137,
A107,232203.9274,324.750256,6716498.533,
A108,232205.1372,324.728177,6716499.144,
A109,232206.981,324.999,6716500.279,
A11,232060.261,317.141,6716402.75,
A110,232208.519,325.142,6716501.009,
A111,232210.204,325.219,6716502.023,
A112,232211.653,325.27,6716503.152,
A113,232213.02,325.337,6716504.07,
A114,232214.4976,325.31967,6716505.065,
A115,232215.999,325.645,6716506.095,
A116,232217.862,325.687638,6716507.428,
A117,232219.416,325.901,6716508.477,
A118,232220.707,326.028,6716509.384,
A119,232222.787,326.219,6716510.155,
A12,232062.026,317.205,6716403.527,
A120,232224.43,326.301,6716510.597,
A121,232225.786,326.443,6716511.107,
A122,232227.51,326.411,6716511.951,
A123,232229.088,326.413,6716512.612,
A124,232230.681,326.579,6716513.349,
A125,232232.269,326.697,6716514.18,
A126,232233.8395,326.738712,6716515.135,
A127,232235.591,326.945,6716515.634,
A128,232237.1296,327.206408,6716516.193,
A129,232238.7086,327.036141,6716516.842,
A13,232063.649,317.448,6716404.33,
A130,232240.2239,327.196202,6716517.64,
A131,232241.6412,327.407381,6716518.006,
A132,232243.7043,327.605664,6716518.523,
A133,232245.4466,327.79068,6716518.831,
A134,232247.016,327.588821,6716519.315,
A135,232248.9057,327.916162,6716519.244,
A136,232250.4485,327.850979,6716519.397,
A137,232252.5152,328.005254,6716518.868,
A138,232254.489,328.117907,6716519.409,
A139,232255.9624,328.05828,6716520.257,
A14,232065.233,317.307,6716405.074,
A140,232257.6844,328.330908,6716520.667,
A141,232259.2533,328.357579,6716521.08,
A142,232260.9786,328.422934,6716521.437,
A143,232262.573,328.578423,6716521.458,
A144,232264.5254,328.689467,6716521.401,
A145,232265.8872,328.882135,6716521.337,
A146,232267.457,328.942549,6716521.903,
A147,232269.387,329.31,6716521.368,
A148,232270.931,329.293,6716521.346,
A149,232272.9275,329.499555,6716521.48,
A15,232067.007,317.505,6716406.077,
A150,232274.931,329.565461,6716521.379,
A151,232276.943,329.630135,6716521.928,
A152,232279.0603,329.720392,6716522.211,
A153,232280.6381,330.055565,6716521.543,
A154,232282.223,329.993612,6716521.479,
A155,232284.1794,330.252857,6716521.755,
A156,232285.945,330.335284,6716521.966,
A157,232287.418,330.517877,6716521.933,
A158,232289.4921,330.987439,6716521.772,
A159,232291.2134,331.042794,6716521.407,
A16,232068.603,317.367,6716406.977,
A160,232293.1222,330.937155,6716521.058,
A161,232294.608,331.223,6716520.519,
A162,232296.716,331.443,6716521.255,
A163,232298.097,331.578,6716521.276,
A164,232300.212,331.846,6716521.318,
A165,232302.126,331.769,6716521.269,
A166,232303.86,332.037,6716520.934,
A167,232305.869,332.189,6716521.015,
A168,232307.38,331.848,6716522.063,
A169,232309.776,332.416,6716522.035,
A17,232070.236,317.499,6716407.79,
A170,232311.658,332.73,6716521.518,
A171,232313.599,332.743,6716521.787,
A172,232315.538,332.523,6716521.984,
A173,232317.309,332.671,6716522.475,
A174,232318.817,332.791,6716523.059,
A18,232071.839,317.497,6716408.749,
A19,232073.403,317.58,6716409.549,
A2,232044.733,316.46,6716396.664,
A20,232075.153,317.526,6716410.261,
A21,232077.212,317.767,6716410.703,
A22,232079.037,317.994,6716411.243,
A23,232080.671,318.13,6716411.972,
A24,232082.475,318.025,6716412.447,
A25,232083.964,318.023,6716413.224,
A26,232085.696,318.204,6716414.101,
A27,232087.411,318.224,6716414.996,
A28,232089.014,318.032,6716416.076,
A29,232090.616,318.351,6716416.609,
A3,232046.512,316.408,6716397.174,
A30,232092.193,318.472,6716417.868,
A31,232093.95,318.524,6716418.854,
A32,232095.858,318.807,6716419.228,
A33,232097.237,318.828,6716420.108,
A34,232098.863,318.847,6716421.093,
A35,232100.542,318.962,6716422.206,
A36,232101.965,318.99,6716423.411,
A37,232103.349,319.017,6716424.646,
A38,232104.433,319.198,6716426.15,
A39,232105.817,319.111,6716427.449,
A4,232048.174,316.616,6716397.793,
A40,232107.598,319.402,6716428.144,
A41,232108.98,319.532,6716429.052,
A42,232110.758,319.428,6716430.103,
A43,232112.256,319.595,6716431.055,
A44,232113.922,319.767,6716431.843,
A45,232115.501,319.613,6716433.007,
A46,232117.106,319.851,6716433.942,
A47,232118.755,319.764,6716434.709,
A48,232120.07,319.846,6716435.761,
A49,232121.48,319.942,6716437.121,
A5,232050.04,316.541,6716398.333,
A50,232122.847,320.04,6716437.957,
A51,232124.414,319.976,6716438.992,
A52,232126.127,320.284,6716439.898,
A53,232127.406,320.263,6716441.163,
A54,232128.602,320.293,6716442.21,
A55,232130.328,320.333,6716443.618,
A56,232131.352,320.316,6716444.537,
A57,232132.896,320.526,6716445.68,
A58,232134.348,320.683,6716446.941,
A59,232135.474,320.714,6716447.999,
A6,232051.754,316.868,6716399.166,
A60,232136.989,320.868,6716448.888,
A61,232138.481,320.804,6716450.209,
A62,232139.822,320.753,6716451.554,
A63,232141.318,320.858,6716452.605,
A64,232142.615,320.775,6716453.529,
A65,232144.111,320.776,6716454.578,
A66,232145.483,321.116,6716455.699,
A67,232147.049,321.116,6716456.862,
A68,232148.496,321.299,6716457.818,
A69,232150.814,321.435,6716458.35,
A7,232053.47,317.039,6716399.818,
A70,232152.509,321.559,6716459.044,
A71,232154.056,321.652,6716459.874,
A72,232155.632,321.731,6716460.654,
A73,232157.287,321.928,6716461.606,
A74,232158.551,321.778,6716462.515,
A75,232160.132,321.867,6716463.231,
A76,232161.315,321.853,6716464.638,
A77,232162.981,322.065,6716465.684,
A78,232163.786,322.096,6716467.345,
A79,232164.804,322.115,6716468.782,
A8,232054.966,317.112,6716400.542,
A80,232166.045,322.162,6716469.96,
A81,232167.304,322.244,6716471.638,
A82,232168.297,322.305,6716472.953,
A83,232169.379,322.477,6716474.211,
A84,232171.03,322.527,6716475.07,
A85,232172.348,322.643,6716476.051,
A86,232173.967,322.741,6716476.758,
A87,232175.794,323.047,6716477.419,
A88,232177.21,323.044,6716478.615,
A89,232178.38,322.948,6716479.905,
A9,232056.884,316.821,6716401.277,
A90,232179.864,322.973,6716481.038,
A91,232181.068,323.096,6716482.454,
A92,232182.167,323.264,6716483.797,
A93,232183.626,323.407,6716485.082,
A94,232184.694,323.45,6716486.33,
A95,232186.036,323.5,6716487.635,
A96,232187.349,323.534,6716488.68,
A97,232188.741,323.619,6716489.65,
A98,232190.156,323.817,6716490.773,
A99,232191.6547,323.668197,6716491.878,
B1,232043.59,317.33391,6716394.309,
B10,232061.0734,318.545423,6716401.077,
B110,232254.3126,329.906538,6716518.792,
B111,232256.0675,329.900754,6716518.928,
B112,232257.7424,330.318763,6716518.982,
B113,232259.5647,329.980952,6716519.447,
B114,232261.0679,329.89905,6716520.06,
B115,232262.7381,330.249408,6716520.298,
B116,232264.559,330.140721,6716520.542,
B117,232265.9793,330.22739,6716520.46,
B118,232267.5495,330.450696,6716520.462,
B119,232271.1514,330.659956,6716520.302,
B11,232062.8048,318.623427,6716401.87,
B120,232272.7924,331.259672,6716519.867,
B121,232275.1784,331.314534,6716520.268,
B122,232276.9097,331.656037,6716520.112,
B123,232278.7114,331.611303,6716520.175,
B124,232280.4394,331.716683,6716520.109,
B125,232282.0344,331.977439,6716520.236,
B126,232284.1654,331.604507,6716520.998,
B127,232285.9778,332.003782,6716520.949,
B128,232287.4546,332.237845,6716520.55,
B129,232289.2941,332.602111,6716520.685,
B12,232064.4278,318.803797,6716402.589,
B130,232291.3559,332.430791,6716520.573,
B131,232293.0165,332.733019,6716520.318,
B132,232295.138,333.38044,6716519.68,
B133,232297.061,333.628236,6716519.725,
B134,232300.1837,333.644036,6716519.532,
B135,232302.5099,333.703652,6716519.581,
B143,232317.5462,334.579559,6716521.122,
B13,232066.1574,318.856006,6716403.529,
B14,232067.9331,319.109416,6716404.378,
B15,232069.5858,319.185995,6716405.37,
B16,232071.1497,319.276375,6716406.38,
B17,232072.569,319.45519,6716407.079,
B18,232074.2781,319.581398,6716407.862,
B21,232084.5587,319.769369,6716412.006,
B2,232045.3823,317.497571,6716394.741,
B22,232086.2579,319.923081,6716412.866,
B23,232087.8913,320.153232,6716413.631,
B24,232089.8107,320.345253,6716414.409,
B25,232091.3933,320.478195,6716415.225,
B26,232092.9473,320.301756,6716416.331,
B27,232094.9035,320.44118,6716417.232,
B28,232096.7729,320.688009,6716417.715,
B29,232098.4152,320.686653,6716418.545,
B30,232100.1121,320.682724,6716419.57,
B31,232101.5568,320.775248,6716420.503,
B3,232047.3026,317.714121,6716395.285,
B32,232102.9705,320.883773,6716421.577,
B33,232104.2925,320.975994,6716422.629,
B36,232110.2193,321.844431,6716427.346,
B37,232111.7345,321.74297,6716428.367,
B38,232116.3549,321.585031,6716431.624,
B39,232117.9135,321.687819,6716432.711,
B40,232119.2492,321.864662,6716433.613,
B41,232120.6853,321.941742,6716434.763,
B42,232122.304,321.952628,6716435.897,
B43,232123.5419,321.900425,6716436.735,
B4,232048.9245,317.73015,6716395.931,
B44,232125.0297,321.816681,6716437.782,
B45,232126.8192,322.220038,6716438.712,
B47,232129.0443,321.606987,6716440.904,
B48,232131.051,322.137047,6716442.671,
B49,232132.239,322.387889,6716443.512,
B50,232133.5948,322.404355,6716444.379,
B51,232134.9714,322.155035,6716445.581,
B52,232136.2528,322.209254,6716446.664,
B57,232154.7307,323.230495,6716458.733,
B59,232175.0303,324.738075,6716475.397,
B5,232052.6032,317.946338,6716397.318,
B60,232176.8378,324.955332,6716476.232,
B61,232178.2314,324.763549,6716477.327,
B62,232179.4052,324.705417,6716478.752,
B63,232180.3904,324.852979,6716480.388,
B64,232181.4381,324.597676,6716481.847,
B65,232182.8015,324.831065,6716482.756,
B66,232184.3744,324.840314,6716484.095,
B67,232185.2596,324.763295,6716485.54,
B68,232186.527,324.904277,6716486.837,
B69,232187.8234,325.028539,6716487.953,
B6,232054.3619,318.116433,6716397.99,
B70,232189.1039,325.148307,6716489.054,
B71,232190.5003,325.01558,6716490.026,
B72,232192.3085,325.19462,6716490.984,
B73,232193.7715,325.260838,6716491.984,
B74,232194.9646,325.167936,6716493.328,
B75,232196.2016,325.320337,6716494.331,
B76,232197.9434,325.769201,6716495.14,
B77,232199.5325,326.042765,6716495.881,
B78,232200.7925,325.742935,6716496.962,
B79,232202.6734,326.023973,6716497.135,
B7,232056.1532,318.322126,6716398.681,
B80,232204.371,326.095573,6716497.689,
B81,232205.7165,326.339611,6716498.478,
B82,232207.6095,326.578526,6716498.86,
B83,232208.8721,326.933161,6716500.355,
B84,232210.5873,327.075996,6716501.02,
B85,232211.8768,327.36698,6716502.056,
B86,232213.3836,327.13836,6716503.301,
B87,232215.0436,327.026823,6716504.349,
B88,232216.345,327.286966,6716505.343,
B89,232220.0792,327.763124,6716507.084,
B8,232057.7513,318.329008,6716399.654,
B90,232221.3825,327.908439,6716507.792,
B91,232223.1087,327.977138,6716509.116,
B92,232224.6628,328.032006,6716509.764,
B93,232225.9391,327.721872,6716510.771,
B94,232227.4797,327.743703,6716511.53,
B95,232229.1967,328.156722,6716512.157,
B96,232230.8371,327.984469,6716513.004,
B97,232232.367,328.42242,6716513.755,
B98,232233.9727,328.383259,6716514.555,
B99,232235.6405,328.724185,6716514.972,
B9,232059.4305,318.44663,6716400.356,
B100,232237.2989,328.890171,6716515.308,
B101,232238.9146,329.161911,6716515.515,
B102,232240.5661,329.22664,6716516.309,
B103,232241.9447,329.357167,6716516.842,
B104,232243.8637,329.424773,6716517.51,
B105,232245.4503,329.52095,6716517.874,
B106,232247.2489,329.567483,6716517.998,
B107,232249.0379,329.797427,6716518.411,
B108,232250.5325,329.664188,6716518.34,
B109,232252.4721,329.883363,6716518.428,
C2,232048.2284,319.567794,6716393.226,
C11,232063.3932,320.15884,6716400.006,
C104,232226.2201,329.647575,6716509.99,
C105,232227.9556,329.511262,6716510.823,
C106,232229.4484,329.712872,6716511.414,
C107,232231.0402,329.861633,6716512.451,
C108,232232.5428,329.976062,6716513.076,
C109,232234.3013,330.189804,6716513.634,
C110,232235.7005,330.497604,6716514.216,
C111,232237.5161,330.76805,6716514.734,
C112,232239.0172,330.472778,6716514.914,
C113,232240.7248,331.012078,6716515.171,
C12,232065.3277,320.429775,6716400.807,
C114,232242.1301,331.042189,6716515.945,
C115,232244.0068,331.202737,6716516.289,
C116,232245.7238,331.396798,6716516.744,
C117,232247.4768,331.525737,6716516.902,
C118,232249.0933,331.731702,6716517.67,
C119,232250.6454,331.589273,6716517.885,
C120,232253.0949,332.484643,6716518.164,
C121,232254.4246,331.94549,6716518.393,
C122,232256.1947,331.996896,6716518.009,
C123,232257.9142,332.127488,6716518.155,
C13,232067.0337,320.696311,6716401.793,
C124,232259.4691,331.750686,6716518.396,
C125,232261.1249,331.528403,6716519.058,
C126,232262.706,331.692758,6716519.463,
C127,232264.4821,331.741442,6716519.539,
C128,232266.1087,331.818976,6716519.496,
C129,232267.5573,331.645165,6716519.755,
C130,232269.2665,331.840804,6716519.861,
C131,232271.0721,332.046809,6716519.398,
C132,232272.8582,332.515806,6716519.204,
C133,232275.0536,332.589776,6716519.476,
C14,232068.6782,320.650853,6716403.288,
C134,232276.7068,333.156532,6716518.807,
C135,232278.3999,333.454219,6716518.725,
C136,232280.3061,333.593405,6716518.901,
C137,232282.0525,333.460253,6716519.31,
C138,232283.9155,333.678966,6716519.351,
C139,232285.9132,333.925279,6716519.395,
C140,232287.4965,334.220196,6716519.349,
C141,232289.1092,334.393104,6716520.171,
C142,232291.226,334.312812,6716519.522,
C143,232293.0326,334.243386,6716519.995,
C15,232070.2638,320.76818,6716404.246,
C144,232294.8426,335.380922,6716518.702,
C145,232296.9457,335.825268,6716518.047,
C146,232300.3765,335.529673,6716517.729,
C147,232302.5763,335.408671,6716518.047,
C148,232304.3787,335.644083,6716517.687,
C149,232305.9442,335.647815,6716517.98,
C150,232308.1405,335.74256,6716518.424,
C151,232311.9958,336.079167,6716518.384,
C152,232313.9349,335.9595,6716519.043,
C153,232315.7752,336.141958,6716519.515,
C16,232071.7879,320.98752,6716404.973,
C154,232317.5959,336.433265,6716519.717,
C17,232073.2294,321.069042,6716405.69,
C18,232074.8639,321.213794,6716406.312,
C19,232076.8409,321.120837,6716407.175,
C20,232078.675,321.128864,6716407.637,
C3,232049.7616,319.524809,6716393.953,
C21,232080.2722,321.310131,6716408.443,
C22,232081.859,321.296953,6716409.392,
C23,232083.702,321.599485,6716410.01,
C24,232085.2153,321.629264,6716410.799,
C25,232086.8237,321.836116,6716411.604,
C26,232088.4878,321.776134,6716412.696,
C27,232090.1579,321.913707,6716413.543,
C28,232091.8858,321.921178,6716414.426,
C29,232093.5719,321.974356,6716415.344,
C30,232095.2153,321.938484,6716416.166,
C4,232051.8684,319.773974,6716394.668,
C31,232097.1349,322.132854,6716416.654,
C32,232098.7186,322.374263,6716417.176,
C33,232100.7148,322.495571,6716418.301,
C34,232102.3315,322.54514,6716419.115,
C35,232103.888,322.424603,6716420.087,
C36,232105.31,322.684085,6716421.007,
C37,232106.8393,323.287317,6716421.814,
C39,232109.0535,323.348924,6716425.579,
C41,232112.5503,323.416521,6716427.296,
C42,232114.0939,323.100124,6716428.531,
C5,232053.4022,319.770738,6716395.469,
C43,232115.3658,323.589443,6716429.068,
C44,232117.2234,323.406899,6716430.342,
C45,232118.5898,323.585383,6716431.35,
C46,232120.075,323.538227,6716432.422,
C47,232122.0631,323.975679,6716433.901,
C48,232124.2957,323.695654,6716435.64,
C49,232125.8255,323.709497,6716436.779,
C50,232127.1653,323.711268,6716437.808,
C51,232128.9345,323.871747,6716438.911,
C52,232130.2539,323.449095,6716439.943,
C6,232055.0226,319.75391,6716396.338,
C53,232131.685,324.027688,6716441.273,
C54,232132.9213,324.059587,6716442.499,
C55,232134.3688,324.107459,6716443.269,
C56,232136.0789,323.892899,6716444.34,
C57,232137.3491,324.069906,6716445.055,
C58,232139.0099,324.441821,6716446.011,
C59,232144.1482,324.381199,6716451.168,
C60,232145.6225,324.597959,6716452.456,
C61,232147.0508,325.050481,6716453.644,
C62,232148.6741,325.026744,6716454.68,
C7,232056.6702,319.810312,6716397.059,
C63,232150.1387,324.893172,6716455.551,
C64,232151.8676,325.034343,6716456.041,
C65,232155.5841,325.293085,6716457.55,
C66,232157.1741,325.27363,6716458.394,
C68,232174.4875,326.43377,6716473.058,
C69,232175.8383,326.291924,6716474.151,
C70,232177.5316,326.597854,6716475.303,
C71,232178.948,326.696324,6716476.685,
C72,232180.1482,326.770667,6716478.093,
C73,232181.2972,326.986542,6716479.453,
C8,232058.4654,320.011335,6716397.636,
C74,232182.2319,326.812845,6716480.682,
C75,232183.584,327.056434,6716481.938,
C76,232185.0737,326.934851,6716483.452,
C77,232186.1084,326.954119,6716484.576,
C78,232187.0759,326.731526,6716485.904,
C79,232188.3908,327.257022,6716486.891,
C80,232189.7272,326.942875,6716488.056,
C81,232191.2754,326.879484,6716489.207,
C82,232192.7086,326.940402,6716490.16,
C83,232194.2225,327.087895,6716491.169,
C9,232060.0079,319.677143,6716398.989,
C84,232195.6804,327.246669,6716492.216,
C85,232197.0393,327.549713,6716493.172,
C86,232198.6892,327.711662,6716493.938,
C87,232200.3148,328.021546,6716494.468,
C88,232201.9298,327.901175,6716495.464,
C89,232203.4674,327.911489,6716496.109,
C90,232205.0666,328.029956,6716496.969,
C91,232206.4391,328.523011,6716497.863,
C92,232207.8778,328.878569,6716498.546,
C93,232209.3201,329.181655,6716499.267,
C10,232061.929,320.125121,6716399.333,
C94,232211.0944,329.444338,6716500.096,
C95,232212.6498,329.456424,6716501.115,
C96,232213.7738,328.858668,6716502.509,
C97,232215.4124,329.116235,6716503.455,
C98,232216.8831,329.350715,6716504.343,
C99,232218.5663,329.325384,6716505.46,
C100,232220.2472,329.66693,6716505.948,
C101,232221.7336,329.486992,6716507.105,
C102,232223.6226,329.626923,6716508.19,
C103,232224.7989,329.447764,6716509.027,
D1,232045.5631,321.264118,6716389.726,
D11,232062.3424,321.813767,6716397.689,
D114,232312.2227,337.864563,6716517.796,
D115,232313.8649,337.899241,6716517.561,
D116,232315.6841,337.982684,6716517.874,
D12,232064.0043,321.909696,6716398.431,
D13,232066.0958,322.13113,6716399.253,
D14,232067.5523,322.547863,6716400.199,
D15,232069.3481,322.694506,6716401.689,
D16,232070.9317,322.561494,6716402.835,
D17,232072.4054,322.800445,6716403.455,
D18,232073.8271,322.793741,6716404.137,
D19,232075.5436,323.037682,6716404.871,
D20,232077.4714,322.919182,6716406.039,
D2,232047.1883,321.179758,6716390.617,
D21,232079.1232,322.836602,6716406.515,
D22,232080.6716,322.83656,6716407.506,
D23,232082.4065,322.824598,6716408.625,
D24,232084.041,323.274663,6716409.034,
D25,232085.796,323.504214,6716409.823,
D26,232087.4287,323.577031,6716410.922,
D27,232089.1213,324.096172,6716411.562,
D28,232090.5255,323.362125,6716412.709,
D29,232092.1925,323.650397,6716413.538,
D30,232093.8596,323.754545,6716414.424,
D3,232048.8793,321.2229,6716391.5,
D31,232095.5169,323.746061,6716415.233,
D32,232097.1799,324.094506,6716415.725,
D33,232099.2275,324.08444,6716416.294,
D34,232101.3819,324.792811,6716416.967,
D35,232103.3403,324.863945,6716417.721,
D36,232104.9287,324.776402,6716418.588,
D39,232108.4748,324.459529,6716422.88,
D40,232109.811,325.135358,6716424.293,
D41,232111.6281,325.331382,6716425.179,
D42,232113.0896,325.315445,6716426.088,
D4,232050.4705,321.293413,6716392.361,
D43,232114.726,325.211624,6716427.299,
D44,232116.0077,325.338033,6716428.161,
D45,232117.7637,325.305155,6716429.334,
D46,232119.3104,325.318018,6716430.241,
D47,232120.9203,325.25343,6716431.214,
D48,232122.3181,325.34101,6716432.068,
D49,232123.6191,325.307038,6716433.429,
D50,232125.1092,325.530528,6716434.476,
D54,232130.8085,325.457868,6716439.082,
D55,232132.2805,325.515266,6716440.565,
D6,232053.9705,321.572,6716393.765,
D56,232133.6533,325.448576,6716441.673,
D57,232135.1672,325.806175,6716442.228,
D58,232136.7995,325.73052,6716443.182,
D59,232138.1982,325.949448,6716444.092,
D60,232139.5905,326.274247,6716444.862,
D62,232146.2871,326.371935,6716451.606,
D63,232147.8801,326.664953,6716452.683,
D64,232149.3431,326.711305,6716453.691,
D65,232151.32,326.839305,6716454.445,
D66,232152.7758,327.090538,6716454.89,
D7,232055.7421,321.542698,6716394.564,
D73,232177.8938,328.309518,6716474.588,
D74,232179.4903,328.400907,6716476.145,
D75,232180.6148,328.533784,6716477.347,
D76,232185.9105,329.366141,6716482.234,
D77,232197.4899,330.854669,6716490.119,
D78,232211.5477,331.74417,6716497.416,
D79,232213.0912,331.863953,6716498.507,
D80,232235.7653,333.228226,6716509.307,
D81,232237.4253,333.420216,6716510.406,
D82,232238.7414,333.365735,6716511.177,
D8,232057.2456,321.510479,6716395.349,
D83,232240.6273,333.683787,6716511.68,
D84,232241.9563,333.527141,6716512.86,
D85,232243.6527,333.49295,6716513.461,
D86,232245.5183,333.724749,6716512.99,
D87,232247.1611,333.63533,6716514.303,
D88,232252.8739,333.842618,6716514.75,
D89,232256.2845,333.920901,6716515.114,
D90,232261.9397,334.828284,6716515.137,
D91,232262.9613,334.592704,6716515.059,
D92,232264.6497,334.637662,6716514.964,
D9,232059.0526,321.586337,6716396.211,
D93,232265.8906,334.742568,6716514.96,
D94,232267.72,335.108777,6716514.955,
D95,232275.4027,335.410114,6716515.533,
D96,232276.9567,335.589279,6716515.56,
D97,232278.5984,335.700139,6716515.643,
D98,232280.6094,335.798818,6716515.73,
D99,232282.1877,336.073974,6716515.761,
D100,232284.026,336.00197,6716516.212,
D101,232285.8853,336.26095,6716516.7,
D102,232287.2248,336.602166,6716517.328,
D10,232060.7369,321.645535,6716397.012,
D103,232289.4522,335.983783,6716519.156,
D104,232291.4069,335.756658,6716519.121,
D105,232293.2225,335.84945,6716519.166,
D106,232294.9351,336.852847,6716517.793,
D107,232298.7897,337.29227,6716516.369,
D108,232300.3858,337.266715,6716516.658,
D109,232302.6646,337.250912,6716515.938,
D111,232306.0777,337.169578,6716516.946,
D112,232308.0749,337.406681,6716517.042,
D113,232310.3588,337.837446,6716517.316,
E1,232046.3625,323.530365,6716387.529,
E13,232066.7594,324.173179,6716397.774,
E118,232283.8802,337.979646,6716515.285,
E119,232285.7238,338.097018,6716515.569,
E120,232287.1331,338.038918,6716516.262,
E121,232289.183,337.788808,6716517.864,
E122,232291.312,337.754386,6716518.335,
E123,232293.1815,337.563407,6716518.728,
E124,232295.5285,338.484049,6716516.681,
E125,232298.4966,339.152844,6716514.719,
E126,232300.1991,339.043298,6716514.326,
E127,232302.6794,338.808014,6716514.552,
E14,232068.06,324.085094,6716399.296,
E129,232306.3051,338.928199,6716516.144,
E130,232308.2612,339.319915,6716516.235,
E131,232310.3995,339.564463,6716516.243,
E132,232313.995,339.729724,6716516.35,
E15,232069.9707,324.411819,6716400.853,
E16,232071.4626,324.313048,6716401.878,
E17,232072.9466,324.765948,6716402.34,
E18,232074.2335,324.883947,6716402.905,
E19,232075.8657,325.042762,6716403.919,
E20,232077.6518,324.694273,6716405.01,
E21,232079.4801,324.992579,6716405.609,
E22,232080.9988,324.93828,6716406.56,
E2,232048.1008,323.393666,6716388.487,
E23,232082.8455,325.028246,6716407.408,
E24,232085.1419,324.799078,6716408.698,
E25,232086.2293,325.400156,6716408.94,
E26,232087.8657,325.383148,6716409.749,
E27,232089.5176,325.615418,6716410.813,
E28,232091.0564,325.281765,6716411.78,
E29,232092.465,325.433502,6716412.831,
E30,232094.1527,325.579857,6716413.755,
E31,232095.9454,325.506699,6716414.615,
E33,232099.7209,326.521352,6716415.373,
E6,232054.8192,323.373473,6716391.938,
E34,232101.7047,326.418848,6716416.072,
E35,232103.9167,326.603174,6716416.725,
E36,232105.753,326.555623,6716417.32,
E38,232107.7246,326.501091,6716419.882,
E39,232109.4438,326.63985,6716421.525,
E40,232110.7768,326.986441,6716422.95,
E41,232112.1589,327.09912,6716424.089,
E42,232113.6105,326.940861,6716425.232,
E43,232115.2133,326.798316,6716426.448,
E44,232116.6326,327.011797,6716427.131,
E7,232056.4301,323.422516,6716392.461,
E45,232118.252,327.013531,6716428.137,
E46,232119.8491,327.077686,6716429.035,
E47,232121.5294,327.145425,6716429.952,
E48,232124.4541,327.280953,6716431.756,
E56,232136.071,327.579668,6716441.223,
E57,232137.6319,327.824664,6716442.083,
E58,232138.9115,327.62049,6716443.536,
E59,232140.2615,327.731386,6716444.399,
E61,232178.3132,330.072255,6716473.731,
E66,232193.6779,332.451197,6716485.902,
E8,232057.9405,323.608136,6716393.161,
E67,232195.334,332.540379,6716486.854,
E68,232196.6399,332.488167,6716488.115,
E69,232197.9608,332.529104,6716489.385,
E70,232199.2816,332.724585,6716490.861,
E71,232201.3165,333.208366,6716491.292,
E72,232203.2848,332.756872,6716492.023,
E73,232206.4701,333.169285,6716493.088,
E74,232207.9181,333.214792,6716494.162,
E75,232210.4615,333.253453,6716496.364,
E76,232211.8482,333.400358,6716496.926,
E9,232059.7944,323.655469,6716394.241,
E77,232213.7935,333.63831,6716497.472,
E78,232215.4631,334.122698,6716497.901,
E79,232217.1231,334.263847,6716498.533,
E80,232218.967,334.373301,6716499.448,
E81,232220.28,334.465616,6716500.087,
E82,232222.1158,334.853008,6716501.07,
E83,232223.3492,334.701422,6716502.127,
E84,232225.136,334.870062,6716503.109,
E85,232226.8143,334.78872,6716504.007,
E86,232228.3002,334.691015,6716505.198,
E10,232061.2669,323.56508,6716395.062,
E87,232229.9955,334.981426,6716505.728,
E88,232231.4159,334.877648,6716506.163,
E89,232233.174,335.117494,6716506.841,
E90,232234.7811,335.453212,6716507.636,
E92,232237.7774,335.643182,6716509.262,
E93,232239.1545,335.413818,6716509.953,
E94,232240.8419,335.815008,6716511.133,
E95,232242.3085,335.273312,6716512.209,
E96,232243.7708,335.451038,6716512.506,
E97,232245.6997,335.62333,6716512.59,
E11,232063.0319,323.489655,6716395.997,
E98,232247.3676,335.509749,6716513.543,
E99,232248.9728,335.419253,6716513.319,
E100,232251.2763,336.114145,6716513.337,
E101,232252.9526,336.123163,6716513.674,
E102,232254.9371,336.171204,6716513.368,
E103,232256.3815,336.261704,6716513.616,
E104,232258.0521,336.633283,6716513.335,
E105,232259.8246,336.173262,6716513.451,
E106,232261.4437,336.64792,6716513.547,
E107,232262.858,336.651736,6716513.546,
E12,232064.9141,323.806042,6716396.762,
E108,232264.6426,336.618023,6716513.694,
E109,232266.1453,336.777669,6716513.957,
E110,232267.6932,336.959699,6716514.484,
E111,232269.5713,337.068959,6716513.661,
E112,232273.7056,337.68012,6716513.149,
E113,232275.5275,337.286412,6716514.561,
E114,232276.9831,337.171648,6716514.84,
E115,232278.6468,337.498785,6716514.572,
E116,232280.5828,337.38355,6716514.859,
E117,232282.3752,337.683751,6716514.819,
F1,232052.5684,325.260547,6716386.93,
F11,232068.8008,326.011248,6716398.123,
F115,232310.4721,341.568672,6716514.895,
F116,232312.0958,341.430221,6716514.876,
F117,232313.832,341.37489,6716515.099,
F12,232070.4348,326.22367,6716399.784,
F13,232071.9342,326.333003,6716400.608,
F14,232073.5296,326.291038,6716401.377,
F15,232074.6712,326.478955,6716402.028,
F16,232075.9173,326.484016,6716403.175,
F17,232077.9568,325.901695,6716404.408,
F18,232079.8546,326.684933,6716405.098,
F19,232081.5137,326.825604,6716405.66,
F20,232083.4104,326.786707,6716406.451,
F2,232054.1439,325.187029,6716388.449,
F21,232085.165,326.556887,6716407.275,
F22,232086.6936,326.710038,6716408.089,
F23,232088.2834,326.995993,6716408.928,
F24,232090.0658,327.177217,6716409.795,
F25,232091.3727,327.059089,6716410.923,
F26,232092.8438,327.155291,6716411.845,
F27,232094.5508,327.199995,6716412.886,
F28,232096.1507,327.101757,6716413.822,
F30,232099.8128,327.705385,6716414.992,
F31,232102.1074,328.181361,6716415.217,
F4,232057.1832,325.205862,6716390.446,
F32,232104.2724,328.609321,6716415.712,
F33,232106.6346,327.864149,6716416.569,
F34,232107.4743,328.185402,6716417.129,
F35,232108.5081,328.185883,6716418.545,
F36,232109.7781,327.729222,6716420.552,
F37,232111.3981,328.206001,6716421.928,
F38,232112.87,328.526227,6716422.855,
F40,232117.5698,328.609146,6716425.794,
F41,232118.8189,328.986954,6716426.847,
F42,232120.786,329.086835,6716427.621,
F5,232059.0637,325.446954,6716391.496,
F43,232122.0692,329.011009,6716428.446,
F44,232123.4829,328.897645,6716429.635,
F45,232125.3833,329.143592,6716430.271,
F46,232126.7703,329.270247,6716431.062,
F47,232135.2282,329.283731,6716439.281,
F48,232137.0284,329.008449,6716440.275,
F49,232138.3074,329.182503,6716440.776,
F50,232147.7223,329.859873,6716448.003,
F51,232178.299,331.102214,6716472.823,
E62,232187.4535,332.430579,6716479.842,
F6,232060.4688,325.588565,6716392.315,
F62,232199.5494,334.490651,6716490.509,
F63,232201.718,334.570013,6716491.097,
F64,232203.6307,334.562576,6716491.436,
F65,232206.495,335.254019,6716492.287,
F66,232208.2804,335.191622,6716493.061,
F67,232209.811,335.259594,6716493.956,
F68,232210.8209,334.93407,6716495.814,
F69,232212.6266,334.936896,6716496.714,
F70,232214.0973,335.443651,6716496.765,
F71,232215.6868,335.934558,6716497.256,
F7,232062.4419,325.778138,6716392.874,
F72,232217.5695,336.098595,6716498.085,
F73,232219.0825,336.194796,6716498.825,
F74,232220.7149,336.487588,6716499.324,
F75,232222.3245,336.641778,6716500.589,
F76,232223.8037,336.656665,6716501.364,
F77,232225.2547,336.573708,6716502.727,
F78,232226.9196,336.458533,6716503.452,
F79,232228.5544,336.534169,6716504.505,
F80,232229.931,336.74607,6716505.238,
F81,232231.7498,336.927349,6716505.716,
F8,232063.8018,325.770485,6716393.849,
F85,232240.8825,337.422782,6716510.59,
F86,232245.818,337.556039,6716511.998,
F87,232247.3686,337.483039,6716512.474,
F88,232249.3111,336.903542,6716512.292,
F89,232251.1499,337.481138,6716512.831,
F90,232252.8198,337.533469,6716513.103,
F91,232254.9339,338.235217,6716512.814,
F92,232256.1817,338.205793,6716513.384,
F93,232257.834,338.263621,6716513.225,
F94,232259.6657,338.42622,6716513.049,
F9,232065.7735,326.232787,6716395.442,
F95,232261.2654,338.220662,6716512.928,
F96,232262.8382,338.516213,6716512.806,
F97,232264.3414,338.512238,6716513.231,
F98,232265.7822,338.360951,6716513.54,
F99,232267.4219,338.652073,6716514.041,
F100,232269.5026,338.848147,6716513.323,
F101,232273.7323,339.1442,6716512.467,
F102,232275.3751,339.471425,6716513.022,
F103,232276.9208,339.322593,6716513.955,
F104,232278.7304,339.335803,6716513.862,
F10,232067.2173,326.141349,6716396.609,
F105,232280.5487,339.933553,6716513.962,
F106,232282.1862,339.615615,6716514.192,
F107,232284.2303,339.192554,6716514.961,
F108,232289.0283,339.888006,6716515.923,
F109,232291.3245,339.966483,6716517.234,
F110,232294.5985,340.464557,6716515.663,
F111,232296.7503,340.496987,6716514.244,
F112,232300.0588,340.900607,6716512.842,
F113,232304.5644,340.996177,6716513.75,
F114,232306.3575,341.216548,6716514.398,
G1,232059.3826,327.730957,6716388.868,
G10,232083.7458,328.551293,6716405.353,
G11,232085.7573,328.719753,6716405.91,
G12,232087.5212,328.61612,6716406.759,
G13,232089.0668,328.739258,6716407.795,
G14,232090.5951,328.933772,6716408.705,
G15,232092.0792,328.984111,6716409.678,
G16,232093.3998,328.948391,6716410.653,
G17,232095.0261,329.208624,6716411.595,
G18,232096.9751,329.295318,6716412.543,
G19,232098.233,329.509614,6716413.231,
G2,232062.9427,327.848498,6716391.161,
G20,232100.0585,329.419758,6716414.236,
G21,232102.1243,329.955464,6716414.136,
G22,232103.187,329.809493,6716414.578,
G23,232104.7482,329.585493,6716415.002,
G24,232106.6814,329.989213,6716415.262,
G25,232107.8638,329.620713,6716416.729,
G26,232108.8623,329.361426,6716418.039,
G27,232110.4741,329.478599,6716419.667,
G28,232111.8793,329.864368,6716420.801,
G29,232113.5315,329.830865,6716422.157,
G3,232064.4739,328.067947,6716392.272,
G32,232117.7341,329.961581,6716425.432,
G33,232119.7471,330.338915,6716426.245,
G34,232121.5006,330.627266,6716426.782,
G35,232123.0881,330.791588,6716427.302,
G36,232124.4539,330.939417,6716428.096,
G37,232125.9546,330.615563,6716429.209,
G38,232127.7176,331.077999,6716429.43,
G39,232129.6786,331.058013,6716430.564,
G40,232131.6649,331.115485,6716431.636,
G41,232138.1415,330.608224,6716438.837,
G4,232066.5119,328.402917,6716394.663,
G43,232142.2932,331.542974,6716441.333,
G44,232143.7514,331.22408,6716442.905,
G45,232145.558,331.380499,6716443.531,
G46,232147.5885,331.642499,6716445.614,
G47,232179.0796,333.592869,6716471.411,
G48,232181.5955,334.324843,6716472.756,
G49,232183.1945,334.341428,6716474.188,
F53,232187.9098,334.165343,6716478.914,
F54,232189.053,333.962365,6716480.496,
F55,232190.4161,334.220075,6716481.472,
G5,232068.3056,328.229374,6716395.839,
F56,232191.714,334.40084,6716482.513,
G52,232204.0777,335.57371,6716491.271,
G53,232206.9571,336.259017,6716492.335,
G54,232210.1163,336.772489,6716493.377,
G55,232212.9867,337.002555,6716495.566,
G56,232214.4115,337.217985,6716496.207,
G57,232215.9415,337.806213,6716496.757,
G58,232217.8675,337.985386,6716497.47,
G59,232220.9027,338.278906,6716498.716,
G60,232222.5201,338.394457,6716499.95,
G6,232069.9328,328.185325,6716396.851,
G61,232224.1238,338.491655,6716500.687,
G62,232225.7233,338.573387,6716501.954,
G63,232227.0387,338.129785,6716502.955,
G64,232228.6177,338.562835,6716503.554,
G65,232230.0709,338.609067,6716504.863,
G67,232233.776,338.881146,6716505.656,
G68,232235.0485,338.924902,6716506.621,
G69,232236.5736,339.052728,6716507.138,
G70,232237.7551,339.243338,6716507.332,
G71,232240.9057,339.124621,6716509.547,
G7,232071.3184,328.230918,6716398.475,
G72,232245.8658,339.308435,6716511.449,
G73,232247.5986,339.488942,6716511.47,
G74,232249.3863,339.633697,6716511.837,
G75,232251.2273,339.420652,6716512.221,
G76,232253.1812,339.842473,6716512.04,
G77,232254.7424,339.731187,6716512.478,
G78,232255.9276,339.831626,6716513.108,
G79,232257.6673,340.275314,6716513.06,
G80,232259.4695,340.264378,6716512.713,
G81,232261.1341,340.51382,6716512.079,
G8,232074.1904,328.165053,6716400.356,
G82,232262.8283,340.528286,6716512.012,
G83,232264.2373,340.359152,6716512.483,
G84,232265.6719,340.538553,6716513.026,
G85,232267.5435,340.724222,6716513.425,
G86,232269.5113,340.146145,6716512.971,
G87,232273.3116,340.832468,6716512.223,
G88,232275.4708,341.05307,6716512.82,
G89,232276.8024,341.456789,6716513.173,
G90,232278.6703,341.209157,6716513.312,
G91,232280.9892,341.088123,6716513.787,
G9,232080.4826,328.354959,6716404.335,
G92,232296.7316,342.196478,6716513.627,
G93,232300.0572,342.754534,6716511.439,
H1,232065.2523,330.262655,6716391.622,
H10,232079.1182,329.944492,6716401.516,
H11,232081.1021,330.287609,6716403.422,
H12,232082.5386,329.983179,6716404.215,
H13,232089.4743,329.942001,6716407.094,
H15,232094.0689,330.446725,6716410.123,
H19,232101.0514,331.641246,6716412.345,
H20,232102.3839,331.608161,6716413.032,
H21,232103.8863,331.196791,6716413.701,
H22,232105.539,330.555161,6716414.432,
H23,232107.0959,331.221709,6716415.297,
H2,232066.4247,329.900425,6716393.371,
H24,232108.3013,331.148403,6716416.339,
H25,232109.4219,331.363366,6716417.67,
H26,232110.9118,331.357447,6716418.921,
H27,232112.2159,331.488266,6716419.79,
H28,232113.9166,331.358266,6716421.215,
H30,232116.76,331.696176,6716423.643,
H31,232118.3072,331.847301,6716424.58,
H32,232120.2802,332.018181,6716425.502,
H33,232121.8203,332.532521,6716425.874,
H34,232123.4826,332.244813,6716426.758,
H3,232068.7454,330.672157,6716394.742,
H35,232125.224,332.659166,6716427.064,
H37,232129.6892,333.123012,6716428.006,
H38,232131.6242,333.173679,6716428.705,
H39,232133.1145,332.947919,6716429.85,
H40,232134.4223,332.802724,6716431.188,
H41,232135.6785,332.839449,6716432.763,
H42,232136.5337,332.735557,6716433.824,
H43,232137.6297,332.555708,6716435.268,
H44,232139.2037,332.604229,6716436.29,
H45,232140.6342,332.778387,6716437.452,
H4,232070.4084,330.551027,6716395.316,
H46,232143.0307,333.739916,6716437.822,
H47,232144.2715,334.023398,6716438.829,
H48,232145.2524,333.098819,6716441.258,
H49,232146.5504,333.165357,6716441.808,
H50,232148.449,333.541669,6716442.171,
H51,232149.4984,333.619704,6716443.338,
H52,232150.5275,333.395312,6716445.153,
H53,232152.4933,333.877766,6716446.642,
H54,232153.7864,334.108994,6716447.941,
H55,232154.6003,333.409907,6716449.409,
H5,232072.0087,330.052832,6716397.446,
H56,232155.835,333.485299,6716450.653,
H57,232157.3945,332.659958,6716451.643,
H58,232158.9429,332.548402,6716452.209,
H60,232165.5139,334.103438,6716456.061,
H61,232166.875,334.397735,6716457.679,
H62,232168.4049,334.803041,6716458.878,
H63,232170.2741,335.20966,6716459.025,
H69,232199.9824,338.174715,6716487.635,
H70,232200.9565,337.799174,6716488.944,
H71,232204.5141,338.182378,6716490.104,
H6,232073.4382,330.158579,6716398.408,
H72,232206.2618,338.333005,6716491.105,
H73,232207.344,338.717187,6716491.434,
H74,232209.4032,338.621213,6716492.081,
H75,232210.8739,338.583872,6716492.918,
H76,232212.1858,338.700458,6716493.898,
H77,232213.56,338.71688,6716494.79,
H78,232215.2916,338.525087,6716496.119,
H79,232216.518,339.42174,6716495.97,
H80,232222.98,339.706412,6716499.179,
H81,232225.6999,339.629832,6716501.464,
H7,232075.463,330.407146,6716399.057,
H82,232227.5942,339.737322,6716502.082,
H83,232228.7239,339.678076,6716503.165,
H84,232230.2508,340.032833,6716504.205,
H86,232244.133,340.763632,6716510.534,
H87,232245.8394,341.24213,6716510.671,
H88,232247.629,341.506447,6716510.648,
H89,232249.2873,341.388632,6716511.21,
H90,232251.3201,341.912532,6716511.276,
H91,232253.544,341.546611,6716511.477,
H92,232255.1672,341.981168,6716511.655,
H8,232076.6661,330.613282,6716399.716,
H93,232256.0838,341.844431,6716512.471,
H94,232257.4878,342.054864,6716512.582,
H95,232261.1967,342.448416,6716511.39,
H96,232287.337,343.900886,6716513.832,
H97,232292.7299,344.538274,6716513.646,
H98,232294.4786,343.969001,6716513.488,
H99,232296.3033,344.310016,6716512.567,
H100,232297.974,344.563511,6716511.377,
H101,232299.8889,344.85893,6716509.792,
H102,232302.4839,345.175682,6716509.763,
H9,232077.807,330.502285,6716400.427,
H103,232304.5633,345.521833,6716509.871,
I1,232066.1101,332.667159,6716390.746,
I10,232079.2869,331.871633,6716400.434,
I110,232282.5476,345.446063,6716512.38,
I111,232285.8388,345.394346,6716512.583,
I112,232289.7052,345.202077,6716513.429,
I113,232291.387,345.767121,6716513.282,
I114,232296.6559,346.228485,6716511.44,
I115,232299.8301,346.896838,6716508.92,
I116,232305.2392,347.107517,6716509.125,
I11,232080.104,330.999365,6716401.856,
I12,232081.5229,331.361311,6716402.994,
I13,232082.8417,331.022091,6716403.785,
I14,232084.9113,331.206005,6716404.111,
I15,232086.0898,331.283895,6716404.59,
I16,232087.3001,331.300809,6716405.377,
I17,232088.8045,331.735301,6716405.553,
I18,232089.9533,331.534265,6716406.595,
I20,232092.8483,331.675029,6716407.979,
I2,232067.0637,332.495435,6716392.784,
I21,232093.8852,331.739784,6716408.554,
I24,232098.2987,332.654516,6716410.182,
I25,232099.5359,332.709255,6716410.658,
I26,232101.2751,333.097792,6716410.91,
I27,232103.1638,333.247598,6716411.505,
I28,232104.003,332.777709,6716412.494,
I29,232105.8576,332.485778,6716413.891,
I31,232108.6768,333.240314,6716415.76,
I32,232110.2933,333.18361,6716417.277,
I33,232112.0125,333.418534,6716418.272,
I3,232068.9917,332.24465,6716394.045,
I34,232113.4376,333.298759,6716419.491,
I35,232114.5458,333.193813,6716420.496,
I36,232116.8586,332.920984,6716422.457,
I38,232122.2801,334.569744,6716424.533,
I39,232124.1556,334.399874,6716425.494,
I40,232125.4814,334.561723,6716425.73,
I41,232127.01,334.121394,6716426.448,
I42,232128.884,334.843268,6716426.605,
I43,232130.7577,334.907154,6716427.386,
I44,232132.2665,334.795324,6716428.059,
I4,232070.7151,332.109069,6716394.675,
I45,232134.2389,334.410768,6716429.3,
I46,232145.9616,334.122821,6716440.238,
I47,232147.7221,334.422265,6716440.694,
I48,232149.201,334.999247,6716441.003,
I49,232150.6067,335.307088,6716441.397,
I50,232152.3169,335.497472,6716444.017,
I51,232153.5926,335.924563,6716444.92,
I52,232154.7521,335.849635,6716447.133,
I53,232155.8151,335.774404,6716448.091,
I54,232157.0323,335.319395,6716449.351,
I5,232072.6645,332.137421,6716395.98,
I55,232158.3219,335.06747,6716449.925,
I56,232160.2821,335.051404,6716450.584,
I57,232162.0192,334.6741,6716451.204,
I58,232163.4883,334.502564,6716452.206,
I59,232166.3946,336.307217,6716454.507,
I60,232167.506,336.358439,6716455.466,
I61,232169.2296,336.847224,6716457.093,
I62,232171.2759,336.996887,6716457.763,
I67,232181.9598,338.374938,6716468.877,
I68,232183.8799,339.545662,6716469.758,
I6,232073.7999,331.755631,6716397.133,
I69,232184.6497,339.152381,6716471.424,
I70,232201.5153,339.778031,6716488.37,
I71,232205.7895,340.795108,6716490.016,
I72,232207.7595,341.185163,6716490.531,
I73,232209.3429,341.219665,6716490.948,
I74,232212.0044,341.546973,6716491.039,
I75,232214.2415,341.530784,6716491.871,
I76,232216.3408,341.676203,6716492.431,
I77,232217.752,341.652577,6716493.448,
I78,232219.5622,342.065974,6716494.262,
I7,232075.59,332.089478,6716397.758,
I79,232221.6264,342.371834,6716495.275,
I80,232223.3506,342.729614,6716495.937,
I81,232225.1601,342.862211,6716496.875,
I82,232226.7759,342.948868,6716498.328,
I83,232228.6105,343.034523,6716499.261,
I84,232230.6154,343.346215,6716499.931,
I85,232232.5104,343.565903,6716500.29,
I86,232234.2699,343.688332,6716501.342,
I87,232235.9129,343.702847,6716502.196,
I88,232237.7194,343.787114,6716502.923,
I8,232076.9375,332.514165,6716398.012,
I89,232239.8726,343.494174,6716504.65,
I90,232241.5561,343.845249,6716505.436,
I91,232243.4689,343.930687,6716506.322,
I92,232245.706,344.074984,6716507.028,
I94,232252.7588,344.350896,6716507.943,
I95,232254.6106,343.982601,6716508.936,
I96,232257.1446,344.668347,6716509.156,
I97,232259.1296,344.94377,6716508.879,
I98,232260.8028,344.658757,6716509.066,
I99,232263.2059,344.80887,6716509.422,
I9,232078.0351,332.332521,6716399.037,
I100,232264.5575,344.651206,6716510.041,
I101,232266.1342,344.956361,6716510.112,
I102,232267.5164,345.255082,6716509.861,
I103,232269.808,345.32619,6716509.107,
I104,232272.0379,345.37273,6716508.9,
I105,232273.5875,345.150376,6716509.621,
I106,232275.5251,345.21374,6716510.284,
I107,232276.9427,345.058563,6716511.231,
I108,232278.9623,345.16934,6716511.761,
I109,232280.5255,345.214681,6716512.237,
J1,232067.611,333.828326,6716391.923,
J10,232087.6054,332.402468,6716404.842,
J13,232094.6824,333.483668,6716406.772,
J14,232096.0978,333.521085,6716407.474,
J17,232100.5258,334.353185,6716409.26,
J18,232103.8673,334.599389,6716410.301,
J19,232105.2442,334.810399,6716411.05,
J20,232106.405,334.561922,6716412.781,
J21,232108.1788,334.982813,6716414.064,
J22,232109.6388,335.148298,6716415.067,
J23,232114.8422,334.703768,6716418.998,
J2,232069.4828,333.930762,6716393.009,
J24,232116.068,334.801729,6716419.776,
J25,232117.0205,334.321073,6716420.902,
J26,232118.3352,334.304878,6716421.861,
J27,232159.2244,336.515207,6716448.815,
J28,232160.8543,336.633602,6716449.146,
J29,232162.6249,336.268612,6716449.76,
J30,232165.5713,337.653285,6716450.552,
J31,232167.0318,337.794188,6716453.729,
J32,232170.319,338.24089,6716455.385,
J33,232171.7271,338.306753,6716456.646,
J3,232071.3611,333.972937,6716393.785,
J34,232175.9133,338.521985,6716461.412,
J35,232182.6968,340.181406,6716467.705,
J36,232185.6767,341.111205,6716470.889,
J37,232195.0405,341.242785,6716481.077,
J38,232196.3943,341.285151,6716482.351,
J39,232197.9925,341.555427,6716483.538,
J40,232199.318,341.95601,6716484.48,
J41,232201.1044,342.067382,6716485.9,
J42,232205.0941,342.477127,6716488.317,
J43,232206.4257,342.838675,6716488.64,
J4,232073.3125,333.591439,6716394.979,
J44,232208.4837,343.192633,6716489.788,
J45,232210.3238,343.423552,6716489.893,
J46,232212.5854,343.356317,6716490.472,
J47,232214.689,343.791863,6716490.507,
J48,232216.7699,343.920137,6716491.302,
J49,232218.346,344.028396,6716492.518,
J50,232220.104,344.246908,6716493.455,
J51,232222.0214,344.679126,6716494.493,
J52,232223.6869,344.75435,6716495.276,
J53,232225.6477,345.223871,6716496.019,
J5,232074.7181,333.303561,6716396.198,
J54,232227.1969,345.48185,6716496.986,
J55,232229.1026,345.771677,6716497.502,
J56,232230.9602,345.752634,6716498.508,
J57,232232.7939,345.912672,6716498.8,
J58,232234.7205,345.917675,6716499.907,
J59,232236.2021,345.92101,6716500.913,
J60,232238.2508,345.765571,6716501.774,
J61,232240.5085,346.212063,6716501.886,
J62,232242.3534,346.23552,6716502.317,
J63,232244.4705,346.689649,6716503.045,
J6,232080.2662,331.943809,6716401.309,
J64,232246.4089,346.687021,6716503.736,
J65,232248.6361,346.596058,6716504.301,
J66,232250.2384,346.73645,6716504.848,
J67,232253.3519,346.811145,6716505.989,
J68,232255.9046,346.727869,6716506.285,
J69,232257.382,346.535452,6716506.823,
J70,232259.3026,346.825509,6716507.033,
J71,232260.9751,346.924623,6716507.581,
J72,232263.185,346.912177,6716507.734,
J73,232264.6474,346.847268,6716508.075,
J7,232083.1492,332.791307,6716402.611,
J74,232266.6903,347.196712,6716507.987,
J75,232267.98,346.991127,6716508.553,
J76,232269.8048,346.80806,6716508.486,
J77,232271.9345,346.598647,6716507.953,
J78,232273.6752,346.515219,6716508.142,
J79,232275.8648,347.043363,6716508.677,
J80,232276.9386,346.902146,6716509.373,
J81,232279.0977,347.198859,6716510.393,
J82,232280.423,346.796548,6716511.71,
J83,232282.1597,346.366728,6716512.072,
J8,232084.9445,332.671924,6716403.137,
J84,232284.0328,346.971051,6716511.408,
J85,232287.641,346.49471,6716513.184,
J86,232289.3452,347.063173,6716512.887,
J87,232294.8068,347.915821,6716511.707,
J88,232296.5192,348.021389,6716510.643,
J89,232298.2909,348.265082,6716509.251,
J90,232299.9072,348.632068,6716508.225,
J91,232302.0112,349.633952,6716507.05,
J92,232303.4317,349.754582,6716506.927,
J9,232086.4075,332.578343,6716403.852,
K1,232112.7595,335.783012,6716416.76,
K10,232126.0771,336.344774,6716424.607,
K11,232127.7025,336.482873,6716425.147,
K12,232154.6652,337.473515,6716443.864,
K13,232157.2704,338.05001,6716445.675,
K14,232158.2907,338.155869,6716446.565,
K15,232160.0301,338.481025,6716447.601,
K16,232162.372,338.122333,6716447.907,
K17,232166.6667,339.328944,6716449.788,
K18,232168.2556,339.8663,6716451.924,
K19,232171.3025,339.849792,6716454.389,
K2,232115.1863,335.959918,6716418.18,
K20,232172.8531,340.369897,6716455.431,
K21,232174.1777,340.451713,6716457.206,
K22,232175.5162,340.260569,6716458.982,
K23,232176.6864,340.176089,6716460.384,
K24,232178.0612,340.281999,6716461.393,
K25,232180.2815,341.441469,6716463.165,
K26,232183.4367,341.133148,6716467.031,
K3,232116.4808,335.986186,6716419.223,
K4,232117.4619,335.871554,6716419.987,
K5,232118.8382,335.905931,6716420.833,
K6,232120.046,335.548776,6716422.025,
K7,232121.5906,335.966016,6716422.762,
K8,232122.8863,336.392236,6716423.269,
K9,232124.5354,336.514309,6716424.058,
L1,232166.9387,340.513596,6716447.659,
L10,232178.907,342.351777,6716460.391,
L11,232179.9685,342.514779,6716461.547,
L12,232181.0432,342.616234,6716463.031,
L13,232182.5002,342.059623,6716465.424,
L14,232184.2536,342.368851,6716466.671,
L16,232188.157,343.928283,6716472.635,
L17,232189.6863,343.825756,6716473.558,
L18,232192.0194,344.13759,6716474.163,
L19,232193.2292,344.008242,6716475.633,
L20,232194.8489,343.684239,6716477.671,
L2,232168.2685,340.812886,6716449.034,
L21,232196.3183,343.519505,6716479.117,
L22,232197.5449,343.615381,6716480.199,
L23,232199.2552,343.473674,6716481.956,
L24,232200.446,343.340463,6716483.529,
L25,232201.6568,343.372693,6716484.735,
L26,232202.8023,342.945925,6716486.449,
L3,232169.7724,341.33453,6716450.389,
L4,232171.13,341.825554,6716451.355,
L5,232172.2795,342.026543,6716452.829,
L6,232173.4388,341.906242,6716454.406,
L7,232174.6085,341.815061,6716456.699,
L8,232176.4534,342.157246,6716458.13,
L9,232177.6332,342.230332,6716459.288,
M6,232182.3275,345.122779,6716460.117,
M15,232193.0944,345.895371,6716472.579,
M16,232194.1973,345.723036,6716474.672,
M17,232196.2663,345.583597,6716475.852,
M18,232197.7211,345.390773,6716477.157,
M19,232198.904,345.19006,6716478.771,
M20,232200.5819,345.268582,6716480.015,
M21,232201.9085,344.956202,6716482.132,
M22,232202.9288,344.858034,6716483.471,
M23,232204.2592,344.680527,6716484.905,
M7,232183.4249,345.52409,6716462.339,
M8,232184.5697,345.673599,6716463.683,
M9,232185.8832,345.471053,6716465.302,
M10,232187.1644,345.164115,6716466.806,
M11,232188.096,345.667003,6716467.693,
M12,232188.7043,346.161929,6716469.36,
M13,232189.81,346.127832,6716470.768,
M14,232191.3252,346.165577,6716471.761,
point 266,232204.514,341.29374,6716489.009,
point 521,232106.7687,333.853279,6716414.033,
I30,232107.2344,332.339104,6716415.186,
F52,232186.801,334.314361,6716477.789,
F58,232192.9908,334.172258,6716484.156,
F59,232194.2946,334.419399,6716485.209,
F57,232192.4793,334.0422,6716483.451,
F60,232196.1135,335.119875,6716485.889,
G50,232184.5364,336.03659,6716475.284,
F61,232197.3539,334.362199,6716487.426,
E65,232192.6039,332.604661,6716484.775,
E64,232191.3843,332.562981,6716483.382,
E63,232190.1903,332.571404,6716482.046,
B136,232304.2304,333.578738,6716519.637,
B138,232307.931,333.946355,6716520.458,
B137,232305.9742,333.469904,6716520.32,
B139,232309.9884,334.236094,6716519.968,
B140,232312.0321,334.241908,6716519.537,
B141,232313.9483,334.409724,6716520.188,
B142,232315.6983,334.584629,6716520.418,
D110,232304.4417,337.198518,6716516.235,
E128,232304.4395,339.036563,6716515.029,
I93,232250.453,344.156688,6716508.085,
H85,232238.0199,340.438308,6716507.117,
E91,232236.2126,335.359922,6716508.165,
F82,232233.8073,337.303106,6716506.178,
F83,232235.0861,337.476335,6716506.955,
F84,232236.6745,337.483862,6716507.493,
G66,232232.0681,338.96345,6716505.488,
M5,232180.9363,345.038564,6716459.379,
M4,232179.3888,344.64893,6716458.181,
M3,232177.7531,344.115521,6716456.644,
M2,232176.2276,343.528904,6716455.689,
M1,232174.6278,343.046401,6716453.913,
L15,232186.4179,343.156854,6716469.042,
H67,232184.3084,337.639249,6716472.692,
H68,232185.0462,337.807422,6716474.36,
G51,232189.507,335.794375,6716479.89,
C67,232158.8555,325.060192,6716459.672,
H36,232127.397,332.793595,6716427.571,
G31,232116.624,330.002969,6716424.598,
H64,232173.9953,335.181315,6716463.491,
I64,232176.9303,336.808083,6716465.302,
I65,232177.8017,337.14447,6716466.492,
I63,232174.8292,337.012261,6716462.338,
H65,232177.9094,335.429849,6716468.524,
I66,232179.9849,337.245565,6716468.53,
H66,232179.3405,335.442375,6716469.701,
point 568,232142.0324,332.949696,6716438.807,
D61,232142.8641,326.192785,6716446.993,
E60,232144.6052,328.08924,6716446.939,
F39,232116.0929,328.554281,6716425.08,
G30,232114.9388,330.014869,6716423.273,
C40,232110.9948,323.610404,6716426.179,
C38,232107.4162,322.962807,6716424.461,
B35,232108.2304,321.474417,6716426.804,
B34,232106.7011,321.472877,6716425.81,
D38,232107.1447,324.998334,6716420.418,
D37,232106.0141,324.89958,6716419.568,
H29,232115.1912,331.581259,6716422.233,
E3,232049.5736,323.076133,6716389.531,
E4,232051.1296,322.838204,6716390.853,
E5,232053.1479,323.178996,6716391.431,
D5,232052.3751,321.357513,6716393.246,
C1,232046.3431,319.534923,6716392.395,
F3,232055.7537,325.111076,6716389.677,
B19,232077.9558,319.613153,6716409.006,
B20,232081.2879,319.706136,6716410.415,
H16,232095.9028,331.354383,6716410.432,
H17,232097.4192,331.271594,6716411.394,
H14,232092.6893,330.55041,6716408.854,
I19,232090.8617,331.003787,6716407.819,
J11,232091.6256,332.576708,6716406.571,
J12,232093.3871,333.312926,6716406.478,
J15,232097.3246,333.452159,6716408.46,
J16,232098.9858,333.739244,6716408.976,
I23,232096.8975,332.604741,6716409.524,
I22,232095.6244,332.616044,6716408.645,
H18,232099.3724,331.607894,6716411.727,
F29,232097.7875,327.223396,6716414.558,
E32,232097.4139,325.627021,6716415.074,
E37,232106.5578,326.237459,6716418.524,
I37,232120.8282,334.485446,6716423.658,
E54,232132.9439,327.312626,6716439.315,
E55,232134.333,327.495716,6716440.38,
E53,232131.5688,327.353906,6716438.013,
E52,232130.267,327.398888,6716436.907,
D53,232129.4808,325.447742,6716437.99,
D51,232126.4793,325.659458,6716435.464,
D52,232127.8898,325.510229,6716436.644,
E51,232128.483,327.318041,6716435.887,
E50,232127.0719,327.236311,6716434.609,
E49,232126.0447,327.463489,6716432.975,
B46,232128.221,322.094854,6716439.885,
G42,232140.9328,331.222871,6716440.114,
D70,232159.4812,327.427273,6716457.999,
D69,232157.6275,327.144365,6716457.326,
D71,232161.1486,327.317903,6716458.968,
D72,232163.0976,327.773535,6716460.051,
H59,232162.4509,332.592171,6716453.352,
D68,232155.8405,326.956414,6716456.551,
D67,232154.2414,327.354063,6716455.459,
B53,232137.8584,322.597253,6716447.597,
B54,232139.6358,322.743083,6716448.808,
B55,232140.9973,322.564064,6716450.043,
B56,232142.1738,322.692637,6716451.115,
B58,232156.3731,323.484468,6716459.55,
