H1-GF,231690.1881,210.091723,6714219.098,
A1-GF,231676.9513,205.943964,6714216.959,
B1-GF,231678.8175,206.302491,6714217.483,
C1-GF,231680.6287,206.71651,6714217.905,
E1-GF,231684.1305,207.643548,6714218.829,
J2-GF,231694.2092,211.132081,6714218.808,
B2-GF,231677.2898,208.135241,6714215.067,
C2-GF,231678.9418,208.524418,6714215.647,
D1-GF,231680.6969,208.892404,6714216.059,
E2-GF,231682.6102,209.159122,6714216.568,
F1-GF,231684.4444,209.395328,6714217.018,
G1-GF,231686.4314,209.690274,6714217.751,
F1-GF,231688.3058,209.960833,6714218.303,
J1-GF,231694.2669,211.026183,6714220.498,
G2-GF,231686.6013,210.512319,6714216.927,
3DE1,231684.1664,209.677935,6714215.641,
F2-GF,231688.788,210.842309,6714217.233,
H2-GF,231690.5499,211.106863,6714217.751,
I1-GF,231692.3954,211.214895,6714218.189,
A1,231674.8322,204.300886,6714218.271,
A7,231665.2226,205.097571,6714263.849,
A10,231669.1866,204.565872,6714234.397,
A8,231665.0627,205.202681,6714265.392,
A11,231668.3443,204.721997,6714236.855,
A9,231665.5228,205.502475,6714266.835,
A12,231667.6796,205.035734,6714238.217,
A10,231665.7551,205.796905,6714268.379,
A13,231667.2234,205.140229,6714239.549,
A11,231665.4004,206.308015,6714269.72,
A14,231666.761,205.421711,6714241.118,
A12,231665.2368,206.131697,6714271.201,
A15,231666.5978,205.153742,6714243.524,
A13,231664.9376,205.893918,6714272.248,
A16,231666.5125,205.14198,6714245.464,
A14,231664.5861,206.065158,6714273.741,
A17,231666.0969,204.923415,6714247.427,
A15,231664.3121,206.055097,6714275.281,
A18,231666.018,204.745627,6714250.349,
A16,231664.192,205.943467,6714276.766,
A19,231665.4436,204.771744,6714252.945,
A2,231674.0462,204.345983,6714219.97,
A17,231663.8936,206.072766,6714278.15,
A18,231663.5751,206.025612,6714279.81,
A19,231663.4782,205.918395,6714281.395,
A20,231663.2982,205.80985,6714282.985,
A21,231662.9759,205.797639,6714284.581,
A22,231662.7304,205.867141,6714285.918,
A23,231662.0431,206.396799,6714287.33,
A24,231662.0916,205.876501,6714289.201,
A25,231661.93,206.012,6714290.857,
A26,231661.808,205.943,6714292.385,
A1,231665.9325,204.782515,6714254.834,
A3,231673.5488,204.264593,6714221.754,
A27,231661.657,206.004,6714293.753,
A28,231661.336,205.987,6714295.348,
A29,231661.292,206.028,6714296.862,
A30,231660.936,206.066,6714299.663,
A2,231665.4351,205.024027,6714256.344,
A4,231672.8695,204.314142,6714223.81,
A3,231665.343,204.730319,6714257.758,
A5,231672.2493,204.506717,6714225.352,
A4,231665.3135,204.89857,6714259.26,
A6,231671.6964,204.568542,6714227.187,
A7,231671.0484,204.562472,6714228.945,
A5,231665.3476,204.930396,6714260.847,
A8,231670.3571,204.376833,6714231.095,
A6,231665.0777,204.979681,6714262.321,
A9,231669.8471,204.390097,6714232.563,
ARR10,231673.221,212.436,6714272.619,
ARR2,231662.924,207.352,6714299.15,
ARR3,231668.539,213.014,6714303.007,
ARR4,231657.872,208.072,6714334.878,
ARR5,231666.182,205.554,6714264.637,
ARR6,231665.976,206.573,6714274.559,
ARR7,231702.8046,218.532841,6714239.465,
ARR8,231697.8817,220.083841,6714252.353,
B1,231668.8314,206.669049,6714254.972,
B1,231679.833,206.12617,6714219.824,
B10,231667.7623,207.015573,6714268.564,
B11,231667.3613,207.098463,6714269.821,
B11,231672.2262,206.234623,6714238.029,
B12,231667.0615,207.173361,6714271.26,
B13,231666.8701,207.235189,6714272.373,
B14,231666.8954,207.195394,6714273.812,
B14,231670.5165,206.00552,6714242.351,
B15,231666.5025,207.424121,6714275.507,
B15,231669.8339,205.802088,6714244.213,
B16,231666.0606,207.522627,6714276.85,
B17,231665.8452,207.450278,6714278.452,
B17,231668.0411,205.506821,6714248.012,
B18,231665.9733,207.495877,6714280.006,
B19,231665.4641,207.630018,6714281.572,
B2,231668.9533,206.51526,6714256.583,
B2,231678.9796,206.089517,6714221.795,
B20,231664.9429,207.562663,6714283.058,
B21,231664.8974,207.484028,6714284.612,
B22,231664.6169,207.428107,6714286.069,
B23,231664.0998,207.6807,6714287.836,
B24,231663.9901,207.456629,6714289.263,
B25,231663.7941,207.612283,6714290.858,
B26,231663.6954,207.545568,6714292.371,
B27,231663.7235,207.120704,6714294.067,
B28,231663.3442,207.055207,6714295.651,
B29,231663.0924,207.129239,6714297.133,
B3,231668.5933,206.665669,6714258.08,
B3,231678.2701,206.071947,6714223.791,
B30,231663.115,207.097,6714298.547,
B31,231662.896,207.179,6714299.882,
B32,231662.692,207.14,6714301.379,
B33,231662.1579,207.168157,6714302.779,
B34,231661.949,207.166033,6714304.376,
B35,231661.8083,207.199161,6714305.803,
B36,231661.4372,207.080208,6714307.361,
B37,231661.475,207.260729,6714308.943,
B38,231661.2315,207.276976,6714310.437,
B39,231661.2039,207.364673,6714311.85,
B4,231668.45,206.544269,6714259.419,
B4,231677.3626,205.943392,6714225.486,
B40,231660.9621,207.026761,6714313.349,
B41,231660.483,207.567003,6714314.773,
B42,231660.1421,207.49614,6714316.294,
B43,231659.5945,207.645932,6714317.648,
B44,231659.3546,207.811777,6714319.226,
B45,231659.1512,207.626122,6714320.7,
B46,231658.7475,207.959474,6714322.163,
B47,231658.6141,208.154732,6714323.496,
B48,231658.1377,208.129761,6714324.967,
B49,231657.7073,208.423284,6714326.291,
B5,231668.5862,206.760222,6714260.846,
B5,231676.6406,206.047306,6714227.452,
B50,231657.6944,208.463554,6714327.701,
B51,231657.4038,208.737677,6714329.205,
B52,231657.0958,208.904327,6714330.632,
B53,231657.1059,208.888129,6714332.187,
B54,231656.818,208.590341,6714333.749,
B55,231656.5092,208.778433,6714335.144,
B56,231656.4321,208.984934,6714336.422,
B57,231655.9272,209.07061,6714337.901,
B58,231655.8483,208.929589,6714339.482,
B59,231655.5547,209.03376,6714340.76,
B6,231668.5948,206.686198,6714262.549,
B6,231675.9053,206.031851,6714229.195,
B60,231655.0003,209.128202,6714342.211,
B61,231654.7529,209.43944,6714343.657,
B62,231654.6013,209.313432,6714345.163,
B7,231668.3345,206.758094,6714264.138,
B7,231675.1755,206.168142,6714231.214,
B8,231668.1968,206.837756,6714265.627,
B8,231674.3094,206.19246,6714232.948,
B9,231667.9723,206.990868,6714267.214,
B9,231673.5738,206.27532,6714234.45,
C1,231671.2457,208.490331,6714255.055,
C1,231684.663,207.860843,6714219.57,
C10,231668.7953,208.045493,6714268.59,
C10,231676.6441,207.822933,6714235.935,
C11,231668.2464,207.915605,6714270.057,
C12,231668.5135,207.844644,6714271.415,
C12,231675.5651,207.450293,6714239.525,
C13,231668.1313,207.902224,6714272.692,
C13,231674.6684,207.38913,6714240.862,
C14,231667.8192,208.064751,6714274.158,
C15,231667.5448,208.084991,6714275.577,
C15,231673.0943,207.440249,6714243.583,
C16,231667.3638,207.991312,6714277.073,
C16,231672.0272,207.627836,6714245.129,
C17,231667.1877,208.01143,6714278.731,
C17,231671.4138,207.283712,6714246.745,
C18,231667.2499,207.911699,6714280.31,
C18,231670.2632,207.432024,6714248.555,
C19,231666.958,208.234056,6714281.842,
C19,231669.3663,206.804611,6714250.99,
C2,231670.7974,208.294862,6714256.607,
C2,231684.5384,207.418614,6714221.205,
C20,231666.874,208.321924,6714283.431,
C20,231668.9965,206.680591,6714253.205,
C21,231666.9148,208.153121,6714284.853,
C22,231666.6416,207.967327,6714286.38,
C23,231666.1634,207.975155,6714288.366,
C24,231665.7366,208.201935,6714289.838,
C25,231665.6926,208.302214,6714291.292,
C26,231665.3642,207.872078,6714292.999,
C27,231665.5212,207.98801,6714294.185,
C28,231665.1797,208.067235,6714295.832,
C29,231664.8978,208.25928,6714297.347,
C3,231670.3482,208.183511,6714258.199,
C3,231683.2994,207.598515,6714223.398,
C30,231664.5739,208.336363,6714298.872,
C31,231664.2252,208.323104,6714300.315,
C32,231664.1651,208.220108,6714301.827,
C33,231663.6816,208.559983,6714303.074,
C34,231663.5432,208.421062,6714304.523,
C35,231663.3368,208.199231,6714306.172,
C36,231663.2571,208.157609,6714307.794,
C37,231662.8848,208.453653,6714309.253,
C38,231662.6231,208.237709,6714310.632,
C39,231662.2792,208.354793,6714312.017,
C4,231670.1689,208.133673,6714259.668,
C4,231682.4309,207.45618,6714225.15,
C42,231661.6178,208.310429,6714316.657,
C43,231661.5297,208.385902,6714318.099,
C44,231661.5027,208.187143,6714319.71,
C45,231661.2162,208.256932,6714321.179,
C46,231660.7413,208.479265,6714322.724,
C47,231660.6546,208.443735,6714324.053,
C48,231660.3519,208.489727,6714325.367,
C49,231660.2379,208.351595,6714327.04,
C50,231660.0706,208.381328,6714328.456,
C51,231659.6622,208.773562,6714329.783,
C5,231669.8694,207.939027,6714261.118,
C5,231681.6214,207.594324,6714227.209,
C52,231659.5283,208.997651,6714331.151,
C53,231659.1171,209.049422,6714332.689,
C54,231659.2094,208.943011,6714334.281,
C55,231658.9598,209.12044,6714335.663,
C56,231658.6248,209.038458,6714337.169,
C57,231658.2847,209.471126,6714338.539,
C58,231658.1684,209.477847,6714339.979,
C59,231657.8576,209.434859,6714341.642,
C60,231657.5468,209.596193,6714343.285,
C61,231657.1622,209.47754,6714344.679,
C6,231669.7567,207.773107,6714262.63,
C6,231680.3904,207.542259,6714229.02,
C7,231669.4344,207.768381,6714264.265,
C7,231679.5,207.626722,6714230.788,
C8,231669.2323,208.141255,6714265.676,
C8,231678.7781,207.66915,6714232.803,
C9,231669.0203,208.012859,6714267.23,
C9,231677.47,207.704735,6714234.564,
CR17,231687.4882,217.271652,6714250.233,
CR2,231701.399,215.507,6714224.158,
CR3,231699.8062,215.66536,6714226.779,
CR4,231699.1365,215.726562,6714228.526,
CR5,231698.3091,215.72345,6714229.865,
CR6,231697.4555,215.806183,6714231.428,
CR7,231696.4706,215.855057,6714233.358,
CR8,231695.5908,215.945832,6714235.105,
CR9,231694.3695,216.000198,6714237.272,
CR10,231693.9492,216.100845,6714238.545,
CR11,231693.0037,216.118087,6714240.082,
CR12,231691.5276,216.738228,6714241.747,
CR13,231691.1872,216.336832,6714243.694,
CR14,231690.2459,216.533066,6714245.387,
CR15,231689.1691,216.516266,6714247.081,
CR16,231688.5125,216.816147,6714248.762,
CR18,231686.779,217.941696,6714251.651,
CR19,231686.0042,218.27359,6714253.24,
CR20,231685.1506,218.617294,6714254.711,
CR21,231684.0463,218.819702,6714256.798,
CR22,231683.3228,218.853455,6714257.944,
CR23,231682.3634,219.248215,6714259.546,
CR24,231681.5423,219.311966,6714260.92,
CR72,231657.5488,209.148268,6714346.374,
CR71,231658.4355,210.538139,6714344.983,
CR70,231659.3487,211.269346,6714344.031,
CR69,231660.3313,212.410857,6714342.582,
CR68,231661.6957,212.799664,6714341.317,
CR67,231662.4249,213.687761,6714339.448,
CR66,231663.5087,214.511376,6714337.902,
CR65,231664.6739,215.057033,6714336.401,
CR64,231666.0444,215.537969,6714335.092,
CR63,231666.7836,216.375907,6714333.378,
CR62,231667.9521,216.881869,6714331.817,
CR61,231668.9473,217.491011,6714330.092,
CR60,231669.7643,218.260001,6714328.6,
CR59,231669.6275,219.015646,6714326.706,
CR58,231670.0076,220.075704,6714324.882,
CR57,231670.6958,220.790944,6714323.276,
CR56,231671.4118,221.390849,6714321.774,
CR55,231672.4334,221.962931,6714320.327,
CR54,231673.4087,222.364258,6714318.44,
CR53,231673.9225,222.615699,6714316.47,
CR52,231674.8214,222.80785,6714314.773,
CR51,231675.5954,223.025938,6714312.726,
CR50,231676.4138,223.07144,6714311.044,
CR49,231677.1835,223.359543,6714309.201,
CR48,231678.0195,223.340438,6714307.373,
CR47,231678.0285,223.080686,6714305.295,
CR46,231677.9631,222.688106,6714303.37,
CR45,231678.1299,222.367293,6714301.361,
CR44,231678.0842,221.92089,6714299.361,
CR43,231678.3152,221.652861,6714297.463,
CR42,231678.3721,221.531499,6714295.353,
CR41,231678.127,221.339113,6714293.234,
CR39,231677.2537,221.328318,6714289.808,
CR38,231678.356,220.73881,6714287.438,
CR37,231678.4638,220.677642,6714285.325,
CR36,231678.4384,220.525021,6714283.304,
CR35,231678.2644,220.011002,6714281.31,
CR34,231678.1097,219.653961,6714279.412,
CR33,231678.2721,219.250149,6714277.55,
CR32,231678.3207,219.066204,6714275.604,
CR31,231678.2215,219.14162,6714273.409,
CR30,231678.3594,219.320664,6714271.429,
CR29,231678.518,219.224713,6714269.345,
CR28,231678.9384,219.337388,6714267.702,
CR27,231678.9528,219.381864,6714265.477,
CR26,231679.4191,219.51721,6714263.643,
CR25,231679.8513,219.626073,6714261.739,
CR1,231702.3508,215.353542,6714222.502,
D1,231671.4028,209.103117,6714256.504,
D1,231689.1351,209.176536,6714221.429,
D10,231669.8323,208.796536,6714270.191,
D10,231680.9839,209.904681,6714237.898,
D11,231669.6582,209.008848,6714271.534,
D11,231680.1007,209.687487,6714239.565,
D12,231669.4608,209.308728,6714272.783,
D12,231678.6673,209.686649,6714240.891,
D13,231669.3896,208.93606,6714274.28,
D13,231677.9391,209.456735,6714242.197,
D14,231669.0809,209.000158,6714275.697,
D14,231676.6781,209.419181,6714243.672,
D15,231668.9261,209.140697,6714277.244,
D15,231675.7885,209.362233,6714245.174,
D16,231668.6074,209.054427,6714278.807,
D16,231675.2778,208.89224,6714246.724,
D17,231668.3059,209.115861,6714280.285,
D17,231674.0239,209.262949,6714248.198,
D18,231668.2393,209.059041,6714282.002,
D18,231673.073,208.918533,6714249.945,
D19,231668.1001,209.182955,6714283.282,
D19,231671.7674,209.004274,6714251.987,
D2,231671.2971,208.97954,6714258.094,
D2,231688.3178,209.212414,6714223.178,
D20,231667.8811,209.134009,6714284.974,
D20,231671.7315,208.596053,6714253.596,
D21,231667.6111,209.135805,6714286.629,
D22,231667.2228,209.264735,6714288.404,
D23,231667.2431,209.112595,6714290.048,
D24,231667.2227,209.276025,6714291.476,
D25,231666.8349,209.380538,6714292.844,
D26,231666.7611,209.223322,6714294.52,
D27,231666.4212,209.327275,6714295.953,
D28,231666.0824,209.001432,6714297.434,
D29,231665.9171,209.283324,6714298.953,
D3,231671.0672,208.985926,6714259.659,
D3,231687.0773,209.235419,6714225.097,
D30,231665.6126,209.458726,6714300.504,
D31,231665.5518,209.289728,6714302.196,
D32,231665.3862,209.213555,6714303.633,
D33,231665.0296,209.146273,6714305.166,
D34,231664.9952,209.233354,6714306.599,
D35,231664.4849,209.377246,6714308.078,
D36,231664.461,209.426365,6714309.484,
D37,231664.1958,209.422723,6714311.032,
D38,231663.8409,209.565757,6714312.495,
D39,231663.6492,209.733683,6714313.981,
D4,231670.9953,208.894095,6714261.053,
D4,231686.1898,209.324388,6714227.002,
D40,231663.3038,209.533134,6714315.307,
D41,231663.0656,209.31495,6714317.155,
D42,231663.0759,209.585921,6714318.422,
D43,231662.7725,209.547839,6714319.966,
D44,231662.5472,209.554265,6714321.152,
D45,231662.4452,209.499315,6714322.979,
D46,231662.184,209.552043,6714324.383,
D47,231661.669,209.815017,6714325.655,
D48,231661.4527,209.767483,6714327.49,
D49,231661.2257,209.831343,6714328.816,
D5,231671.0557,208.438061,6714263.14,
D5,231685.012,209.346926,6714228.771,
D50,231660.8768,209.885524,6714330.117,
D51,231660.779,210.405628,6714331.49,
D52,231660.5916,210.055958,6714332.965,
D53,231660.8745,209.779122,6714334.707,
D54,231659.79,210.673053,6714335.79,
D55,231659.8112,210.714336,6714337.466,
D56,231659.4712,210.605763,6714338.741,
D6,231670.3579,208.68273,6714264.437,
D6,231683.7727,209.33169,6714230.744,
D7,231670.156,208.756856,6714265.656,
D7,231683.0598,209.67852,6714232.674,
D8,231670.1466,208.450554,6714267.226,
D8,231682.3748,209.754258,6714234.395,
D9,231669.929,208.764758,6714268.752,
D9,231681.8649,209.619851,6714236.193,
DHP1,231713.231,217.741,6714216.994,
DHP10,231700.028,217.612,6714241.537,
DHP11,231698.855,217.735,6714244.08,
DHP12,231697.199,217.848,6714246.744,
DHP13,231696.156,217.996,6714248.993,
DHP14,231694.701,218.006,6714251.033,
DHP13,231687.161,209.813,6714226.43,
DHP14,231686.853,210.254,6714229.441,
DHP15,231685.389,210.058,6714232.318,
DHP16,231684.049,210.12,6714234.994,
DHP17,231682.489,210.174,6714237.665,
DHP2,231711.715,217.794,6714219.91,
DHP18,231681.457,210.474,6714240.412,
DHP20,231678.866,210.791,6714245.761,
DHP1,231674.869,204.673,6714219.867,
DHP3,231673.7509,205.062141,6714225.342,
DHP4,231673.166,204.896,6714228.562,
DHP5,231672.305,204.887,6714231.324,
DHP6,231671.364,204.971,6714234.148,
DHP7,231670.543,205.097,6714236.866,
DHP8,231669.406,205.092,6714239.793,
DHP3,231709.932,217.672,6714222.87,
DHP11,231667.6903,205.072879,6714248.056,
DHP1,231666.998,205.654,6714254.157,
DHP2,231666.299,205.387,6714257.052,
DHP3,231666.236,205.547,6714259.894,
DHP1,231664.849,206.016,6714274.514,
DHP1,231664.202,206.232,6714280.796,
DHP1,231663.588,206.26,6714283.963,
DHP1,231663.039,206.534,6714290.274,
DHP1,231659.352,207.092,6714317.035,
DHP4,231708.377,217.437,6714225.662,
DHP1,231659.115,207.06,6714320.012,
DHP1,231658.658,207.268,6714322.851,
DHP1,231658.379,207.309,6714325.858,
DHP1,231657.891,207.195,6714328.748,
DHP1,231657.547,207.388,6714331.724,
DHP1,231657.291,207.543,6714334.481,
DHP1,231656.584,207.488,6714337.677,
DHP1,231656.135,207.76,6714340.664,
DHP1,231659.804,207.727935,6714313.82,
DHP1,231660.5375,207.298053,6714310.909,
DHP5,231706.544,217.304,6714228.453,
DHP1,231661.0411,207.206651,6714308.054,
DHP1,231661.3782,207.217135,6714305.077,
DHP1,231662.0319,207.118516,6714301.742,
DHP1,231662.4949,207.084862,6714299.465,
DHP1,231662.8039,206.954215,6714296.552,
DHP1,231662.7229,206.83985,6714292.872,
DHP6,231705.89,217.298,6714231.052,
DHP7,231704.182,217.364,6714233.949,
DHP8,231702.648,217.256,6714236.304,
DHP9,231701.232,217.495,6714239.174,
E1,231672.7794,209.702979,6714256.444,
E1,231691.662,210.103926,6714220.617,
E11,231671.2861,209.862988,6714271.797,
E10,231684.3364,210.841467,6714237.286,
E12,231671.3332,210.339367,6714273.142,
E11,231683.5036,211.04721,6714239.013,
E13,231670.7593,210.197321,6714274.587,
E14,231670.6415,209.961446,6714275.837,
E12,231682.5815,211.024107,6714240.598,
E15,231670.5697,210.012744,6714277.511,
E13,231681.213,210.83212,6714241.824,
E16,231670.3874,210.161762,6714279.092,
E17,231669.9999,210.246587,6714280.653,
E15,231679.0141,210.54259,6714244.624,
E18,231669.6061,210.352651,6714282.361,
E16,231678.1156,210.579022,6714246.36,
E19,231669.231,210.758159,6714283.535,
E17,231676.7254,210.687878,6714247.558,
E20,231668.9818,210.798798,6714285.188,
E18,231675.605,210.548511,6714249.299,
E2,231672.5654,209.685576,6714257.926,
E2,231691.1887,210.417959,6714222.486,
E21,231668.9186,210.688835,6714286.737,
E19,231675.1371,209.818495,6714251.415,
E22,231668.6418,210.926728,6714288.592,
E20,231673.4544,210.028582,6714252.743,
E23,231668.304,211.090379,6714290.267,
E21,231673.066,209.796275,6714254.056,
E24,231668.4048,211.089295,6714291.634,
E25,231668.1835,211.033762,6714293.095,
E26,231667.7013,210.934812,6714294.573,
E27,231667.5377,210.909552,6714296.162,
E28,231667.2185,210.971665,6714297.752,
E29,231667.3143,210.824052,6714299.249,
E30,231667.1243,210.911976,6714300.678,
E3,231672.1958,210.000608,6714259.701,
E3,231690.3056,210.339624,6714224.227,
E31,231666.8216,210.680699,6714302.151,
E32,231666.5473,210.821103,6714303.601,
E33,231666.739,210.616745,6714305.312,
E34,231666.4734,210.597288,6714306.607,
E35,231666.066,210.765784,6714308.19,
E36,231665.6849,210.873309,6714309.67,
E37,231665.461,210.811236,6714311.023,
E38,231664.9889,211.237301,6714312.803,
E39,231665.3,210.783328,6714314.403,
E40,231665.0065,210.986386,6714315.732,
E4,231672.2795,209.970763,6714261.274,
E4,231689.2962,210.305009,6714226.017,
E41,231664.6937,210.98346,6714317.411,
E42,231664.501,211.010869,6714318.718,
E43,231664.1841,211.118944,6714320.327,
E44,231663.9835,211.253936,6714321.564,
E45,231663.7959,211.214948,6714323.045,
E46,231663.5981,211.208843,6714324.436,
E47,231663.3633,211.234713,6714326.033,
E48,231662.8474,211.364275,6714327.538,
E49,231662.3888,211.674807,6714328.814,
E50,231662.1509,211.690191,6714330.277,
E6,231672.0739,209.950896,6714264.265,
E5,231688.2238,210.483163,6714228.208,
E51,231662.1725,211.516528,6714331.795,
E52,231661.9876,211.751482,6714333.15,
E53,231661.5538,212.083241,6714334.561,
E55,231660.9708,211.706009,6714337.986,
E7,231672.074,209.928126,6714265.745,
E6,231687.494,210.467407,6714229.954,
E8,231671.7274,210.173911,6714267.483,
E7,231686.532,210.495513,6714231.949,
E9,231671.2696,210.352884,6714268.989,
E8,231685.7846,210.687758,6714233.99,
E10,231671.3107,210.027393,6714270.433,
E9,231685.0675,210.732767,6714235.71,
F1,231674.355,211.460827,6714256.89,
F2,231695.7589,211.668483,6714220.916,
F11,231672.9343,211.266451,6714271.973,
F11,231687.5625,212.024448,6714236.71,
F12,231672.678,211.473205,6714273.452,
F12,231686.5352,212.340192,6714238.479,
F13,231672.5937,211.501583,6714274.902,
F13,231685.7065,212.221659,6714240.116,
F14,231672.6561,211.38813,6714275.987,
F14,231684.7732,212.149695,6714241.7,
F15,231672.2198,211.651406,6714277.657,
F15,231683.2659,212.088552,6714243.093,
F16,231671.7695,211.831089,6714279.277,
F16,231681.8687,211.895152,6714244.418,
F17,231671.779,211.649184,6714280.8,
F17,231680.752,211.696019,6714245.767,
F18,231671.2372,211.730986,6714282.625,
F18,231679.7775,211.879521,6714247.182,
F19,231671.1004,211.728156,6714283.983,
F19,231678.5371,211.870368,6714248.707,
F20,231670.858,211.871505,6714285.578,
F20,231677.5167,211.183021,6714250.379,
F2,231673.7877,211.397544,6714258.456,
F3,231694.78,211.502173,6714222.296,
F21,231670.3677,212.172063,6714287.257,
F21,231676.2451,210.989521,6714252.084,
F22,231670.317,212.19398,6714288.933,
F22,231675.2709,211.065177,6714253.871,
F23,231669.9722,212.336146,6714290.758,
F23,231674.8883,211.2829,6714255.487,
F24,231669.6896,212.467809,6714291.905,
F25,231669.5029,212.617537,6714293.255,
F26,231669.5874,212.264166,6714294.803,
F27,231669.3382,212.292974,6714296.262,
F28,231669.0927,212.415213,6714297.79,
F29,231668.8993,212.39164,6714299.328,
F30,231668.455,212.612196,6714300.699,
F3,231673.5879,211.361457,6714260.081,
F4,231693.5593,211.619523,6714223.696,
F31,231668.2565,212.605959,6714302.111,
F32,231668.492,212.279312,6714303.764,
F33,231668.339,212.310921,6714305.335,
F34,231668.1544,212.403215,6714306.726,
F35,231667.6293,212.415639,6714308.328,
F36,231667.5975,212.261935,6714310.007,
F37,231667.5127,212.358635,6714311.339,
F38,231666.8429,212.734336,6714312.949,
F39,231666.6653,212.580145,6714314.481,
F40,231666.3585,212.185104,6714316.089,
F4,231673.713,211.476517,6714261.388,
F5,231692.8004,211.741651,6714225.271,
F41,231666.087,212.241208,6714317.632,
F42,231665.8621,212.365784,6714318.878,
F43,231665.7551,212.16308,6714320.54,
F44,231665.4488,212.344189,6714321.856,
F45,231664.9766,212.601184,6714323.202,
F46,231664.749,212.564012,6714324.611,
F47,231664.4003,212.79359,6714326.135,
F48,231664.1549,212.795447,6714327.883,
F49,231663.6915,212.993942,6714329.095,
F50,231663.3235,213.275057,6714330.39,
F5,231673.7633,211.238993,6714263.196,
F6,231691.768,211.770996,6714227.167,
F51,231663.3674,212.953384,6714332.073,
F52,231663.0221,212.837997,6714333.423,
F53,231662.7566,213.208771,6714334.981,
F7,231673.2303,211.533037,6714266.023,
F7,231690.8395,211.722378,6714229.023,
F8,231673.4232,211.375546,6714267.744,
F8,231689.8736,211.836686,6714231.116,
F9,231673.0842,211.293019,6714269.058,
F9,231688.9338,211.834666,6714233.01,
F10,231673.008,211.397938,6714270.553,
F10,231688.1297,211.901443,6714235.065,
G1,231675.3505,212.730578,6714257.475,
G1,231699.135,212.981658,6714220.223,
G10,231673.6369,213.242526,6714270.661,
G11,231689.6521,213.391818,6714237.692,
G11,231673.5277,213.189136,6714271.867,
G12,231688.5459,213.467671,6714239.297,
G12,231673.5376,213.414442,6714273.252,
G13,231687.6158,213.642294,6714241.15,
G13,231673.367,213.422604,6714274.8,
G14,231686.6776,213.671144,6714242.755,
G14,231673.2738,213.311568,6714275.997,
G15,231685.503,213.509354,6714244.242,
G15,231673.0514,213.449168,6714277.867,
G16,231683.9532,213.856577,6714245.678,
G16,231673.1164,213.193552,6714279.657,
G17,231683.0093,213.275917,6714246.656,
G17,231672.7716,213.347833,6714280.842,
G18,231681.8677,213.298433,6714248.165,
G18,231672.5297,213.614652,6714282.557,
G19,231680.2638,213.39343,6714249.791,
G19,231672.6561,213.271559,6714284.095,
G20,231679.0558,213.177004,6714251.508,
G2,231674.7896,212.834966,6714258.492,
G2,231698.4856,212.75121,6714221.793,
G20,231671.8852,213.816914,6714285.568,
G21,231671.5252,213.672536,6714287.135,
G2,231676.2677,212.694953,6714255.633,
G22,231671.057,213.9591,6714288.9,
G23,231671.2459,213.779262,6714290.745,
G24,231670.9751,214.017627,6714292.192,
G25,231670.7907,214.061574,6714293.515,
G26,231670.2846,214.21852,6714294.828,
G27,231670.6802,213.712536,6714296.367,
G28,231670.3707,213.879816,6714298.015,
G29,231670.0624,214.179792,6714299.499,
G3,231674.7726,212.881755,6714260.241,
G3,231696.772,213.048771,6714223.589,
G30,231669.6191,214.160067,6714300.81,
G31,231670.009,213.7447,6714302.403,
G32,231669.6742,213.943759,6714304.045,
G33,231669.3757,213.926896,6714305.633,
G34,231668.9896,213.674688,6714307.012,
G35,231668.7481,213.849096,6714308.298,
G36,231668.6898,213.580516,6714310.295,
G37,231668.3634,213.653479,6714311.614,
G38,231667.916,213.802743,6714312.95,
G39,231667.7008,213.843748,6714314.614,
G4,231674.9512,212.893818,6714261.528,
G4,231695.9556,212.955369,6714225.111,
G40,231667.3468,213.950411,6714316.189,
G41,231667.3232,213.626267,6714317.779,
G42,231666.9712,213.992361,6714319.118,
G43,231666.6357,214.246486,6714320.241,
G44,231666.1367,214.318731,6714321.687,
G45,231666.2442,214.116661,6714323.116,
G46,231666.0266,214.191427,6714324.592,
G47,231665.4339,214.351841,6714326.347,
G48,231665.0155,214.509182,6714327.886,
G49,231664.887,214.874268,6714329.301,
G5,231674.8861,212.947837,6714263.157,
G5,231695.0169,212.996209,6714226.6,
G50,231664.619,215.061705,6714330.752,
G6,231674.3922,213.05781,6714264.629,
G6,231693.8753,213.17696,6714228.415,
G7,231674.1445,213.073887,6714266.042,
G7,231692.8862,213.134129,6714230.146,
G8,231673.8609,213.175175,6714267.854,
G8,231691.9061,213.255895,6714232.208,
G9,231673.8157,213.199851,6714268.994,
G9,231691.3629,213.514732,6714234.022,
H1,231676.6529,214.572755,6714257.404,
H1,231700.6945,214.503417,6714221.139,
H10,231674.721,214.862858,6714270.612,
H11,231674.6058,214.790059,6714271.927,
H12,231674.5739,214.960301,6714273.36,
H13,231674.4257,215.01414,6714274.904,
H13,231689.0379,215.778448,6714241.851,
H14,231674.417,214.790433,6714276.096,
H14,231688.4961,215.451881,6714243.596,
H15,231674.1077,214.847453,6714277.855,
H15,231687.4447,215.233819,6714245.112,
H16,231673.9377,215.013778,6714279.515,
H16,231686.1492,214.873907,6714246.759,
H17,231673.8467,215.117789,6714280.642,
H17,231684.7574,215.10508,6714248.016,
H18,231673.5408,215.140495,6714282.628,
H18,231683.3042,214.89546,6714249.571,
H19,231673.4684,215.199593,6714283.826,
H19,231681.7558,215.150054,6714250.681,
H2,231675.8596,214.575749,6714258.409,
H2,231699.9101,214.510477,6714222.845,
H20,231673.1231,215.122098,6714285.582,
H20,231680.666,214.818891,6714252.365,
H21,231672.935,215.311487,6714287.164,
H21,231679.4445,214.54015,6714253.907,
H22,231672.6278,215.495919,6714289.103,
H22,231678.2455,214.427347,6714255.453,
H23,231672.603,215.222069,6714291.216,
H1,231677.3125,214.521179,6714256.419,
H24,231672.3937,215.43611,6714292.354,
H25,231672.0911,215.581113,6714293.623,
H26,231671.8611,215.738576,6714295.056,
H27,231671.3433,215.929413,6714296.55,
H28,231671.6746,215.517948,6714298.119,
H29,231671.3242,215.607471,6714299.616,
H3,231675.7581,214.928773,6714259.991,
H3,231698.7913,214.726666,6714224.545,
H30,231670.9337,215.532579,6714301.103,
H31,231670.736,215.667411,6714302.377,
H32,231670.974,215.34229,6714304.358,
H33,231670.424,215.364493,6714305.827,
H34,231670.2797,215.574511,6714307.103,
H35,231669.8375,215.5231,6714308.714,
H36,231669.4765,215.496724,6714310.314,
H37,231669.558,215.225555,6714311.884,
H38,231669.163,215.379358,6714313.073,
H39,231668.7843,215.500263,6714314.767,
H4,231675.9568,214.731442,6714261.56,
H4,231697.8596,214.801038,6714226.18,
H40,231669.1792,215.041986,6714316.469,
H41,231668.3133,215.412886,6714317.833,
H42,231667.757,215.517812,6714319.202,
H43,231667.2615,215.572584,6714320.501,
H44,231667.0368,215.767405,6714321.962,
H45,231667.0145,215.791008,6714323.383,
H46,231667.113,215.674282,6714324.741,
H47,231666.5201,216.070516,6714326.268,
H5,231675.2477,214.751234,6714263.163,
H5,231696.7145,214.718885,6714227.756,
H6,231674.8901,214.685354,6714264.864,
H6,231695.8901,214.764181,6714229.603,
H7,231674.9145,214.704239,6714266.177,
H7,231695.0209,214.721916,6714231.301,
H8,231674.7809,214.654252,6714267.959,
H8,231693.9782,214.694553,6714233.104,
H9,231674.9254,214.705901,6714269.323,
I5,231677.7801,216.001219,6714258.212,
I1,231682.3901,216.11806,6714252.736,
I14,231675.5665,216.520277,6714270.756,
I15,231675.4537,216.57027,6714272.112,
I11,231700.3402,216.307955,6714235.779,
I16,231675.1856,216.426128,6714273.277,
I12,231699.5958,216.327347,6714237.031,
I17,231675.0598,216.537527,6714274.6,
I13,231698.8604,216.412964,6714238.514,
I18,231675.2178,216.364405,6714276.093,
I19,231674.9388,216.447651,6714277.736,
I20,231674.6983,216.814283,6714279.452,
I16,231696.6697,216.558247,6714242.428,
I21,231674.464,216.626326,6714280.806,
I17,231696.0133,216.583517,6714243.729,
I22,231674.2864,216.716351,6714282.574,
I18,231695.1586,216.566514,6714244.723,
I23,231674.1608,216.725576,6714283.988,
I19,231694.6667,216.722948,6714245.657,
I1,231707.9554,216.604706,6714223.075,
I6,231676.7662,215.819222,6714258.982,
I2,231680.9706,216.111196,6714254.192,
I24,231673.9662,216.718827,6714285.521,
I20,231694.1067,216.842713,6714246.636,
I25,231673.7974,216.919164,6714287.393,
I21,231693.5179,216.752014,6714247.806,
I26,231673.4334,216.800457,6714289.201,
I22,231692.9447,216.793445,6714249.027,
I27,231673.3552,216.779803,6714291.176,
I23,231692.1523,216.969073,6714250.206,
I28,231673.1547,217.096678,6714292.387,
I25,231689.0073,217.606797,6714252.171,
I29,231673.3227,216.943559,6714293.603,
I30,231672.8521,217.105581,6714295.271,
I31,231673.02,216.781012,6714296.778,
I32,231672.5399,216.90574,6714298.246,
I33,231672.1497,216.917221,6714299.777,
I2,231707.2988,216.348023,6714224.138,
I7,231676.9915,216.563082,6714260.297,
I3,231679.7161,216.16214,6714256.393,
I44,231669.6515,217.172167,6714316.212,
I35,231671.5141,217.141665,6714302.465,
I36,231671.0926,217.167481,6714304.334,
I37,231670.9848,217.132725,6714306.005,
I38,231670.8335,217.038418,6714307.179,
I39,231670.6152,217.161644,6714308.591,
I40,231670.261,217.091735,6714310.312,
I41,231669.9352,217.056019,6714311.791,
I42,231669.9849,217.104486,6714313.135,
I43,231669.703,217.067769,6714314.87,
I3,231706.327,216.385635,6714225.78,
I8,231676.8056,216.46483,6714261.726,
I4,231678.6334,216.034383,6714257.35,
I45,231669.5799,217.17853,6714317.985,
I46,231668.8221,217.386844,6714319.431,
I47,231669.0259,217.212275,6714321.065,
I48,231667.9942,217.60251,6714322.143,
I49,231668.2587,217.134008,6714323.647,
I50,231667.6387,217.909434,6714324.546,
I51,231667.0523,217.753091,6714326.469,
I4,231705.2239,216.160995,6714226.739,
I9,231676.4557,216.375667,6714263.266,
I5,231704.1339,216.127884,6714228.301,
I10,231676.0667,216.442792,6714264.946,
I6,231703.6611,216.329315,6714229.365,
I11,231675.964,216.519218,6714266.58,
I7,231702.9399,216.068331,6714230.438,
I12,231675.7395,216.532684,6714268.101,
I8,231702.2337,216.137204,6714231.587,
I13,231675.5982,216.382845,6714269.497,
I9,231701.5372,216.218988,6714233.01,
J4,231679.0305,217.282471,6714259.082,
J1,231682.3026,217.624041,6714255.186,
J13,231676.1526,217.802167,6714270.854,
J10,231703.8045,217.883404,6714236.231,
J14,231675.9598,217.84664,6714272.236,
J11,231703.2519,217.686306,6714237.293,
J15,231675.9113,217.961094,6714273.117,
J12,231702.4008,217.977664,6714238.768,
J16,231675.8529,217.949388,6714274.493,
J13,231701.8361,217.942993,6714240.008,
J17,231676.1808,217.95211,6714276.014,
J14,231700.9093,218.054077,6714241.333,
J18,231675.5938,217.793324,6714278.051,
J15,231700.1776,217.879089,6714242.642,
J19,231675.3142,217.966816,6714279.589,
J16,231699.4866,218.189941,6714243.869,
J20,231675.2081,218.03773,6714280.918,
J17,231698.5859,218.056397,6714245.124,
J21,231675.229,218.204589,6714282.776,
J18,231697.8626,218.164337,6714246.601,
J22,231675.0912,218.067841,6714284.079,
J19,231697.2081,217.962601,6714247.556,
J1,231709.9912,217.961224,6714224.235,
J5,231677.6315,217.335312,6714259.864,
J2,231680.6616,217.363384,6714257.263,
J23,231675.0157,218.162499,6714285.669,
J20,231696.6302,218.244125,6714248.712,
J24,231674.9587,218.31439,6714287.651,
J21,231696.0656,218.138031,6714249.605,
J25,231674.8689,218.359582,6714289.143,
J22,231695.317,218.124207,6714250.866,
J26,231675.19,218.794961,6714290.787,
J23,231694.4897,218.5345,6714251.969,
J27,231674.9832,218.908691,6714292.42,
J24,231693.4129,218.488235,6714252.757,
J28,231674.5923,218.883703,6714293.929,
J25,231691.703,218.635958,6714253.807,
J29,231674.361,219.069039,6714295.428,
J30,231674.4478,218.923342,6714296.848,
J31,231674.1464,218.892885,6714298.328,
J32,231673.8054,218.993981,6714299.546,
J2,231709.2561,217.640106,6714225.45,
J6,231677.9402,218.058168,6714260.671,
J3,231679.4257,217.35203,6714258.214,
J33,231673.8762,218.986558,6714301.457,
J34,231673.3677,219.08725,6714303.177,
J35,231672.5984,219.068609,6714304.689,
J36,231672.8081,218.609936,6714306.339,
J37,231672.4415,218.888873,6714307.724,
J38,231671.9512,218.920781,6714308.885,
J39,231671.5829,218.913144,6714310.456,
J40,231671.2695,218.915127,6714311.776,
J41,231670.8918,218.908153,6714313.436,
J42,231670.734,218.856697,6714314.704,
J3,231708.6886,217.847732,6714226.852,
J7,231677.6217,218.00007,6714261.98,
J43,231670.7971,218.792085,6714316.896,
J44,231669.9946,218.759571,6714318.209,
J45,231669.9256,218.495399,6714319.894,
J46,231669.2775,218.741455,6714321.072,
J47,231668.6247,219.018741,6714322.509,
J48,231668.3298,219.29304,6714323.336,
J4,231708.021,217.609939,6714228.237,
J8,231677.12,217.731299,6714263.311,
J5,231707.2456,217.808881,6714229.754,
J9,231676.7907,217.773542,6714264.954,
J6,231706.6722,217.466426,6714230.789,
J10,231676.4924,217.677774,6714266.439,
J7,231705.9032,217.686773,6714232.185,
J11,231676.2811,217.689827,6714268.175,
J8,231705.1614,217.880156,6714233.526,
J12,231676.252,217.628882,6714269.452,
J9,231704.4209,217.998893,6714234.973,
K1,231680.6166,218.389598,6714259.005,
K10,231676.0399,220.093433,6714294.099,
K10,231705.8703,219.300878,6714237.497,
K11,231675.5306,220.117891,6714295.599,
K11,231704.8319,219.132455,6714238.357,
K12,231675.1298,220.471385,6714296.975,
K12,231704.1413,219.191171,6714239.659,
K13,231674.9863,220.571062,6714298.277,
K13,231703.6542,219.179237,6714240.841,
K14,231674.9124,220.74498,6714299.641,
K14,231702.9718,219.216268,6714242.343,
K15,231675.0098,220.581888,6714301.562,
K15,231702.1471,219.106623,6714243.696,
K16,231674.3089,220.828114,6714303.143,
K16,231701.2904,219.18088,6714245.007,
K17,231674.2254,220.650842,6714304.862,
K17,231700.5918,219.917505,6714246.336,
K18,231673.726,220.756036,6714306.366,
K18,231699.6623,219.470065,6714247.554,
K19,231673.1878,220.803773,6714307.598,
K19,231699.1991,219.383652,6714248.583,
K2,231679.6726,218.534041,6714259.726,
K20,231672.8255,220.446345,6714309.046,
K20,231698.5521,219.565384,6714250.237,
K21,231672.4652,220.185962,6714310.724,
K21,231697.9679,219.432343,6714250.938,
K22,231672.7142,220.095104,6714312.345,
K22,231697.05,219.396592,6714252.223,
K23,231672.2334,220.403358,6714314.058,
K23,231695.8978,219.522513,6714253.108,
K24,231671.957,220.434517,6714315.165,
K24,231694.9666,219.95924,6714254.324,
K25,231671.5565,220.569235,6714316.568,
K25,231693.915,220.064724,6714255.285,
K26,231671.8065,220.317948,6714318.757,
K27,231670.0781,220.750314,6714319.547,
K28,231669.3794,220.642968,6714320.785,
K29,231668.9763,220.442445,6714322.509,
K3,231676.3202,219.443905,6714282.875,
K4,231676.3663,219.508765,6714284.299,
K4,231710.5913,219.489273,6714229.656,
K5,231676.243,219.614143,6714285.68,
K5,231709.5709,219.107894,6714230.978,
K6,231676.3369,219.821879,6714287.745,
K6,231708.8096,218.987252,6714231.844,
K7,231676.1391,219.710759,6714289.207,
K7,231707.9698,218.875173,6714233.161,
K8,231676.2381,220.0747,6714290.835,
K8,231707.2357,218.989042,6714234.64,
K9,231676.6843,219.863506,6714292.579,
K9,231706.7037,219.270917,6714236.033,
L1,231674.634,221.401181,6714306.647,
L10,231708.1535,220.551876,6714238.197,
L12,231706.2971,221.322686,6714240.894,
L13,231705.7791,220.631441,6714242.441,
L14,231704.8592,220.596969,6714243.529,
L15,231703.9304,220.71412,6714244.889,
L16,231703.4262,221.063844,6714246.244,
L17,231703.1213,221.023037,6714247.794,
L18,231702.2536,221.138085,6714248.869,
L19,231701.6878,221.067876,6714250.197,
L1,231714.6233,220.521346,6714226.939,
L2,231674.4098,221.356344,6714307.845,
L20,231700.7946,221.06949,6714251.431,
L21,231699.8756,220.932672,6714252.562,
L22,231698.865,220.950013,6714253.652,
L23,231697.5378,221.406906,6714254.36,
L24,231696.286,221.168167,6714255.361,
L2,231713.8783,220.376147,6714227.844,
L3,231674.1323,221.386131,6714309.203,
L3,231713.3566,220.457709,6714229.32,
L4,231673.6666,221.423776,6714310.839,
L4,231712.5451,220.384167,6714230.684,
L5,231673.1813,221.476548,6714312.235,
L5,231711.5198,220.248819,6714232.15,
L6,231672.8893,221.647367,6714313.749,
L6,231710.9795,220.556722,6714233.291,
L7,231672.622,221.529516,6714315.152,
L7,231710.5235,220.706535,6714234.78,
L8,231673.0456,221.14923,6714317.166,
L8,231709.6821,220.733247,6714235.93,
L9,231671.8799,221.836384,6714318.577,
L9,231709.0196,220.608897,6714237.307,
M1,231716.2613,221.464017,6714227.645,
M1,231675.1123,222.366951,6714309.435,
M11,231709.0065,221.624189,6714241.022,
M12,231708.4534,221.717405,6714242.057,
M13,231707.9291,221.871021,6714243.662,
M14,231706.9576,221.967211,6714244.875,
M15,231706.2914,222.039754,6714246.161,
M16,231705.6109,222.362204,6714247.404,
M17,231705.0273,222.49956,6714248.832,
M18,231704.1553,222.489854,6714250.175,
M19,231703.1826,222.510482,6714251.349,
M20,231702.4835,222.6924,6714252.662,
M2,231715.4761,221.366979,6714228.739,
M21,231701.4934,222.636414,6714253.792,
M22,231700.3418,222.120041,6714254.76,
M23,231699.3237,222.275208,6714255.578,
M3,231715.0495,221.37929,6714230.212,
M4,231714.1685,221.447348,6714231.837,
M5,231713.1637,221.496849,6714232.756,
M6,231712.4719,221.496451,6714234.315,
M7,231711.8896,221.512395,6714235.59,
M8,231710.9371,221.444488,6714236.977,
M9,231710.2344,221.819209,6714238.241,
M10,231709.7187,221.630539,6714239.85,
VIGA1,231718.2043,222.466783,6714228.213,
VIGA10,231711.9985,223.215465,6714241.907,
VIGA11,231711.5947,223.236268,6714242.868,
VIGA12,231710.8538,223.327574,6714244.287,
VIGA13,231709.9432,223.483093,6714245.902,
VIGA14,231709.3836,223.575437,6714247.153,
VIGA15,231708.4603,223.693858,6714248.564,
VIGA16,231707.78,223.802261,6714249.793,
VIGA17,231707.1907,223.963842,6714251.044,
VIGA18,231706.4878,224.042635,6714252.616,
VIGA19,231705.6018,224.039069,6714253.915,
VIGA2,231717.4786,222.582785,6714229.832,
VIGA20,231704.4383,224.008242,6714255.307,
VIGA21,231703.3195,223.919382,6714256.534,
VIGA22,231701.7047,223.683641,6714257.702,
VIGA23,231700.1987,223.427888,6714258.408,
VIGA3,231716.8058,222.651966,6714231.36,
VIGA4,231716,222.778702,6714233.117,
VIGA5,231715.3923,222.827031,6714234.62,
VIGA6,231714.6345,222.91912,6714236.515,
VIGA7,231714.0108,222.973662,6714237.646,
VIGA8,231713.659,222.95303,6714239.059,
VIGA9,231712.8375,223.070827,6714240.66,
G10,231690.2301,213.755212,6714235.834,
CR40,231678.1898,221.324014,6714291.168,
F6,231673.5489,211.505471,6714264.465,
E5,231672.3075,210.145449,6714262.823,
I34,231671.5318,217.315662,6714301.077,
C41,231661.948,208.818729,6714315.023,
C40,231662.2789,208.775109,6714313.454,
B12,231671.6527,206.331402,6714239.652,
B13,231671.1632,206.29994,6714240.866,
DHP10,231667.8268,205.249424,6714245.229,
DHP2,231674.2144,204.992918,6714222.348,
DHP9,231668.2248,205.135869,6714242.222,
ARR,231675.5042,205.13712,6714220.318,
B10,231672.998,206.310826,6714236.233,
B16,231668.7541,206.007569,6714245.801,
C11,231676.2226,207.998934,6714237.649,
C14,231673.841,207.677748,6714242.062,
E14,231679.964,210.963126,6714243.184,
F1,231696.0648,212.115154,6714219.233,
G22,231676.9275,212.703919,6714254.265,
G21,231678.1058,212.971525,6714253.075,
H10,231691.9636,215.030548,6714236.747,
H11,231691.1224,215.06842,6714238.375,
H12,231690.2881,215.43593,6714240.195,
H9,231692.9292,215.186506,6714234.994,
DHP12,231689.2956,210.024053,6714222.264,
E54,231661.1986,212.275371,6714336.155,
DHP4,231666.0703,205.659359,6714263.076,
DHP5,231666.3017,205.980449,6714265.922,
DHP6,231665.9771,206.101415,6714268.716,
DHP1,231665.6393,206.294984,6714271.81,
DHP1,231664.5448,206.269921,6714277.504,
DHP1,231663.63,206.649446,6714286.549,
I14,231698.0389,216.818228,6714239.597,
I15,231697.3359,216.953725,6714240.866,
I10,231700.9527,216.585678,6714234.44,
I24,231690.8142,217.671461,6714251.374,
K1,231712.5267,219.87419,6714225.728,
K2,231711.6499,219.785782,6714226.811,
K3,231710.9958,219.809103,6714228.15,
L11,231707.4407,221.054734,6714239.581,
