E1,231611.855,309.203,6716233.286,
E3,231615.829,309.113,6716233.546,
E4,231617.884,309.138,6716235.486,
E6,231622.043,309.716258,6716236.733,
E7,231623.9705,309.423489,6716236.344,
E8,231625.4394,309.544835,6716238.429,
E9,231627.2714,309.588155,6716238.851,
E10,231629.2822,309.624464,6716239.226,
F1,231606.301,306.497,6716226.286,
F10,231621.035,307.483,6716238.072,
F11,231622.299,307.819,6716238.732,
F12,231624.035,308.027,6716239.141,
F13,231625.9723,308.477984,6716239.889,
F14,231627.4748,308.243692,6716239.957,
F15,231628.8856,307.853749,6716240.329,
F16,231630.2248,308.304736,6716239.861,
F17,231631.2119,307.839953,6716240.708,
F2,231607.3104,306.895686,6716227.645,
F3,231607.548,307.152,6716231.964,
F4,231608.825,307.396,6716233.212,
F5,231610.884,307.151,6716233.896,
F6,231613.479,307.712,6716234.168,
F7,231615.137,307.169,6716234.278,
F8,231618.571,307.71,6716235.971,
F9,231620.118,307.681,6716236.699,
G3,231605.683,305.225,6716226.877,
G12,231618.243,305.916,6716236.746,
G13,231619.404,305.954,6716237.876,
G14,231621.695,306.172,6716239.919,
G15,231623.356,306.246,6716240.326,
G16,231625.269,306.109,6716241.158,
G17,231627.229,306.032,6716242.033,
G18,231628.516,306.281,6716241.798,
G19,231630.94,306.209,6716241.539,
G4,231605.97,304.637,6716229.042,
G5,231606.769,305.264,6716231.307,
G6,231607.015,305.131,6716232.623,
G7,231608.848,305.689,6716233.313,
G8,231610.572,305.233,6716234.267,
G9,231612.509,305.608,6716235.122,
G10,231614.43,305.745,6716235.3,
G11,231616.479,305.642,6716236.122,
H1,231588.309,301.305,6716211.811,
H10,231601.5741,303.050792,6716223.476,
H11,231603.9368,303.381218,6716226.441,
H12,231605.222,303.421,6716227.432,
H13,231605.114,303.668,6716230.207,
H14,231606.615,303.083,6716232.549,
H15,231608.308,303.42,6716233.483,
H16,231610.314,303.256,6716235.07,
H17,231612.151,304.347,6716235.863,
H18,231613.608,304.766,6716236.086,
H19,231615.639,304.038,6716237.069,
H2,231590.1443,301.597349,6716211.85,
H20,231617.133,303.899,6716238.021,
H21,231618.325,304.082,6716239.149,
H22,231619.422,303.952,6716240.788,
H23,231620.749,304.275,6716241.347,
H24,231622.265,304.351,6716242.003,
H25,231623.771,304.348,6716242.917,
H26,231626.191,304.701,6716243.064,
H27,231627.814,304.9,6716242.741,
H28,231629.912,304.693,6716242.362,
H3,231591.6751,301.277168,6716212.658,
H4,231593.6738,301.579669,6716213.359,
H5,231594.5937,301.621122,6716214.576,
H6,231595.5894,301.323286,6716216.279,
H7,231596.9951,302.271063,6716216.633,
H8,231597.891,302.424,6716218.351,
H9,231599.4589,302.759685,6716220.378,
I2,231584.32,299.869,6716213.03,
I11,231598.307,300.928,6716221.236,
I12,231599.6793,300.819548,6716223.088,
I13,231600.8236,300.804756,6716224.539,
I14,231603.2544,301.225703,6716227.029,
I15,231604.541,301.266,6716228.148,
I16,231604.309,301.479,6716231.156,
I17,231606.022,301.691,6716232.197,
I18,231607.126,301.616,6716233.347,
I19,231608.13,301.669,6716233.971,
I20,231609.722,301.484,6716235.232,
I3,231586.142,299.687,6716214.002,
I21,231611.622,302.087,6716236.154,
I22,231613.178,302.279,6716236.727,
I23,231615.27,302.123,6716237.571,
I24,231616.719,302.16,6716238.482,
I25,231617.603,302.543,6716239.963,
I26,231618.642,302.572,6716241.351,
I27,231619.796,302.502,6716242.073,
I28,231621.724,302.66,6716243.125,
I29,231623.15,302.545,6716244.003,
I30,231625.084,302.497,6716244.839,
I4,231589.0747,299.602022,6716213.4,
I31,231627.523,303.09,6716244.053,
I32,231628.816,303.473,6716243.819,
I5,231591.362,300.04076,6716213.725,
I6,231592.5732,300.01732,6716214.75,
I7,231593.7826,300.062254,6716215.706,
I8,231594.7634,300.141679,6716216.79,
I9,231595.9092,300.308815,6716218.445,
I10,231596.813,300.413,6716220.076,
J1,231559.401,286.615,6716075.894,
J10,231548.308,287.225,6716082.066,
J108,231592.6576,297.912035,6716217.097,
J109,231593.4944,297.753536,6716218.333,
J110,231594.6403,298.1748,6716220.151,
J111,231595.936,298.834,6716221.269,
J112,231597.342,298.807,6716223.068,
J113,231598.839,299.144142,6716224.167,
J114,231600.1041,299.226293,6716225.216,
J115,231600.896,299.318,6716226.527,
J116,231602.496,299.188,6716227.546,
J117,231603.736,299.448,6716228.778,
J11,231547.403,287.396,6716083.496,
J118,231604.19,299.697,6716231.296,
J119,231605.666,299.786,6716232.331,
J120,231607.053,299.856,6716233.576,
J121,231607.549,299.999,6716235.08,
J122,231609.57,299.986,6716236.189,
J123,231611.308,300.281,6716236.782,
J124,231613.187,300.28,6716237.187,
J125,231614.671,300.592,6716238.383,
J126,231615.947,300.277,6716239.531,
J127,231616.838,300.587,6716240.888,
J12,231546.34,287.492,6716085.43,
J128,231618.395,300.671,6716241.725,
J129,231619.692,300.744,6716242.865,
J130,231621.133,300.76,6716243.858,
J131,231622.536,300.989,6716244.713,
J132,231624.409,300.984,6716245.611,
J133,231626.676,301.115,6716245.137,
J134,231628.177,301.51,6716244.794,
J13,231545.446,287.337,6716086.744,
J14,231544.312,287.496,6716088.149,
J15,231543.664,287.809,6716089.329,
J16,231542.725,287.945,6716090.397,
J17,231541.466,287.904,6716091.853,
J18,231540.588,288.064,6716093.679,
J19,231539.368,288.259,6716094.896,
J2,231558.075,286.5,6716075.97,
J20,231538.815,288.589,6716096.425,
J21,231537.546,288.716,6716097.431,
J22,231536.813,288.537,6716098.665,
J23,231535.967,288.441,6716100.111,
J24,231535.169,288.345,6716101.243,
J25,231534.204,288.401,6716102.674,
J26,231533.973,288.67,6716103.968,
J27,231533.518,288.738,6716105.188,
K28,231533.014,288.02,6716106.319,
K29,231533.32,287.581,6716108.358,
J3,231556.282,286.523,6716075.872,
K30,231533.068,287.559,6716109.673,
K31,231532.817,287.555,6716111.31,
K32,231532.231,287.528,6716112.656,
K33,231531.772,287.673,6716114.244,
K34,231531.756,288.181,6716116.144,
K35,231531.433,287.845,6716117.426,
K36,231531.096,288.069,6716118.939,
K37,231530.739,288.255,6716120.496,
K38,231530.495,288.485,6716122.434,
K39,231530.55,288.443,6716124.293,
J4,231554.798,286.399,6716075.992,
K40,231530.501,288.557,6716125.463,
K41,231530.678,288.486,6716126.877,
K42,231531.035,288.342,6716128.687,
K43,231531.319,288.281,6716130.488,
K44,231531.176,288.275,6716132.307,
K45,231531.42,288.503,6716134.101,
K46,231531.397,288.866,6716135.919,
K47,231531.716,289.048,6716137.49,
K48,231531.649,289.269,6716139.187,
K49,231532.014,289.562,6716141.062,
J5,231553.782,286.807,6716076.951,
K50,231532.821,289.852,6716142.429,
K51,231533.093,289.819,6716144.262,
K52,231533.267,290.44,6716146.27,
K53,231533.345,290.358,6716147.906,
K54,231534.008,290.268,6716149.768,
K55,231534.146,290.64,6716151.403,
K56,231534.357,290.622,6716153.488,
K57,231534.721,290.546,6716154.713,
K58,231535.195,290.744,6716156.327,
K59,231535.074,290.874,6716157.881,
J6,231552.824,286.715,6716077.277,
K60,231535.841,291.143,6716159.437,
K61,231536.478,291.265,6716160.849,
K62,231537.189,290.997,6716162.182,
K63,231537.892,291.248,6716164.288,
K64,231539.041,291.272,6716165.933,
K65,231539.722,291.169,6716167.317,
K66,231540.3,291.033,6716168.71,
K67,231541.381,291.824,6716169.776,
K68,231541.859,291.554,6716171.619,
K69,231542.767,291.85,6716172.643,
J7,231551.815,287.334,6716078.508,
K70,231544.0727,292.404429,6716174.368,
K71,231543.6353,292.084556,6716176.557,
J79,231553.981,295.825,6716185.866,
J80,231557.675,296.475,6716187.93,
J81,231558.172,296.294,6716189.775,
J82,231559.009,296.259,6716191.082,
J83,231561.038,296.183,6716192.253,
J84,231562.136,296.265,6716193.383,
J85,231563.3,296.172,6716193.962,
J86,231564.44,296.194,6716194.918,
J8,231550.359,287.145,6716080.282,
J87,231566.521,296.562,6716195.28,
J88,231567.737,296.958,6716195.096,
J89,231570.444,297.652,6716194.879,
J90,231571.832,297.668,6716196.069,
J91,231573.185,297.43,6716197.02,
J92,231574.087,297.59,6716198.107,
J93,231575.335,297.525,6716199.438,
J95,231576.565,297.734,6716202.188,
J96,231577.079,297.764,6716203.157,
J97,231578.268,297.92,6716204.39,
J9,231549.453,287.759,6716081.397,
J98,231578.483,297.404,6716206.91,
J99,231580.026,297.976,6716207.681,
J100,231580.622,298.028,6716209.951,
J101,231581.029,298.147,6716211.796,
J102,231581.639,298.128,6716213.17,
J103,231583.126,298.319,6716214.04,
J104,231584.874,298.103,6716215.479,
J105,231587.7311,297.96915,6716214.871,
J106,231590.1291,298.184397,6716215.264,
J107,231591.4151,297.974845,6716216.22,
K1,231559.261,285.001,6716074.933,
K10,231547.992,285.506,6716081.667,
K100,231584.349,296.088,6716216.315,
K101,231586.7652,296.197686,6716216.26,
K102,231588.492,295.772629,6716216.864,
K103,231589.84,295.783,6716217.635,
K104,231591.7206,296.070537,6716218.313,
K107,231594.725,296.722,6716222.446,
K108,231596.117,297.1,6716224.168,
K109,231597.547,297.364,6716225.318,
K110,231598.935,297.209,6716226.451,
K111,231600.178,297.365,6716227.731,
K11,231546.907,285.579,6716083.202,
K112,231601.53,297.57,6716228.671,
K113,231602.954,297.712,6716230.25,
K114,231603.806,297.875,6716231.831,
K115,231605.289,298.047,6716233.106,
K116,231606.343,298.009,6716234.236,
K117,231607.146,298.132,6716235.329,
K118,231609.033,298.415,6716236.69,
K119,231610.907,298.657,6716237.49,
K120,231612.622,298.233,6716237.973,
K121,231613.834,298.303,6716239.068,
K12,231546.043,285.68,6716084.811,
K122,231615.212,298.547,6716240.322,
K123,231618.25,298.944,6716241.875,
K124,231619.538,298.959,6716243.601,
K125,231620.71,298.777,6716244.476,
K126,231622.511,299.087,6716245.308,
K127,231623.676,298.427,6716246.332,
K128,231625.659,299.359,6716246.026,
K129,231627.954,300.06,6716245.246,
K13,231545.164,285.773,6716086.369,
K14,231543.899,286.374,6716087.817,
K15,231543.354,285.937,6716089.027,
K16,231542.322,285.921,6716090.292,
K17,231541.544,286.111,6716091.345,
K18,231539.693,286.11,6716093.066,
K19,231538.879,286.427,6716094.326,
K2,231557.854,284.952,6716075.339,
K20,231538.15,286.599,6716096.114,
K21,231536.789,286.263,6716097.221,
K22,231536.171,286.569,6716098.399,
K23,231535.074,286.658,6716099.577,
K24,231534.698,286.711,6716100.918,
K25,231533.725,286.724,6716102.511,
K26,231533.265,286.758,6716103.766,
K27,231532.81,286.701,6716104.94,
L27,231532.586,286.195,6716106.479,
L28,231532.254,285.606,6716108.062,
K3,231556.164,284.785,6716075.319,
L29,231532.346,285.559,6716109.763,
L30,231532.593,285.717,6716111.276,
L31,231532.074,285.686,6716112.496,
L32,231531.352,285.668,6716114.221,
L33,231530.783,285.854,6716115.531,
L34,231530.724,286.176,6716117.161,
L35,231530.207,286.261,6716118.968,
L36,231529.683,286.305,6716120.359,
L37,231529.579,285.998,6716122.073,
L38,231529.447,286.35,6716124.002,
K4,231554.547,284.909,6716075.279,
L39,231529.471,286.364,6716125.313,
L40,231529.63,286.909,6716126.875,
L41,231529.997,286.116,6716128.331,
L42,231529.7969,286.93339,6716130.6,
L43,231529.589,286.852,6716132.205,
L44,231529.597,287.099,6716134.623,
L45,231529.783,287.262,6716135.835,
L46,231529.852,287.288,6716137.556,
L47,231529.888,287.397,6716139.279,
L48,231530.396,287.436,6716141.139,
K5,231553.394,285.346,6716076.167,
L49,231530.225,287.821,6716142.682,
L50,231531.093,287.785,6716144.696,
L51,231531.32,287.962,6716146.954,
L52,231532.313,288.383,6716148.107,
L53,231531.968,288.394,6716150.244,
L54,231532.524,288.61,6716151.677,
L55,231533.26,288.391,6716153.535,
L56,231532.975,288.806,6716155.087,
L57,231533.608,289.293,6716156.595,
L58,231533.954,289.027,6716158.546,
K6,231552.435,285.144,6716076.856,
L59,231534.551,289.421,6716159.886,
L60,231535.11,289.599,6716161.514,
L61,231536.027,289.664,6716162.886,
L62,231537.389,289.716,6716164.28,
L63,231538.117,289.72,6716166.402,
L64,231538.254,289.595,6716167.844,
L65,231539.534,289.608,6716169.215,
L66,231540.613,289.754,6716170.521,
L67,231539.966,290.978,6716172.357,
L68,231542.2,290.266,6716173.359,
K7,231551.432,285.46,6716078.043,
L69,231542.916,290.513,6716174.744,
L70,231543.1,290.758,6716176.945,
L71,231542.114,290.759,6716178.793,
L72,231543.288,290.635,6716180.351,
K74,231551.098,294.331,6716184.768,
K75,231552.562,294.012,6716185.595,
K76,231554.013,294.063,6716186.196,
K77,231555.42,294.117,6716187.249,
K78,231556.765,294.157,6716188.539,
K79,231557.762,294.307,6716189.968,
K8,231549.727,285.666,6716079.81,
K80,231558.798,294.342,6716191.528,
K81,231560.348,294.416,6716192.539,
K82,231562.063,294.696,6716193.635,
K83,231563.45,294.647,6716194.416,
K84,231564.312,294.771,6716195.273,
K85,231566.118,294.714,6716195.82,
K86,231568.841,295.943,6716196.238,
K87,231570.219,295.939,6716197.837,
K88,231571.419,295.408,6716198.687,
K89,231572.453,295.567,6716200.139,
K9,231548.931,285.687,6716080.806,
K90,231573.505,295.193,6716201.695,
K91,231575.119,295.32,6716203.245,
K92,231576.092,295.645,6716204.236,
K93,231576.727,296.293,6716206.065,
K94,231577.678,296.072,6716207.716,
K95,231578.98,296.356,6716208.953,
K96,231579.432,296.417,6716211.309,
K97,231580.581,295.749,6716212.341,
K98,231580.705,296.298,6716214.099,
K99,231582.387,296.43,6716215.622,
L1,231559.322,282.832,6716073.274,
L10,231546.987,284.345,6716081.035,
L11,231545.57,284.335,6716082.08,
L12,231544.026,284.368,6716083.306,
L13,231542.829,284.547,6716084.461,
L14,231541.261,284.342,6716085.381,
L15,231540.051,284.438,6716086.454,
L16,231538.703,284.43,6716087.681,
L17,231537.701,284.765,6716088.845,
L18,231536.883,284.858,6716090.591,
L19,231535.532,284.815,6716091.709,
L2,231557.713,282.791,6716073.428,
L20,231533.998,285.015,6716093.114,
L21,231533.116,285.086,6716094.473,
L22,231532.014,285.127,6716095.749,
L23,231531.593,285.213,6716097.339,
L24,231531.13,285.248,6716098.932,
L25,231530.673,285.034,6716100.387,
L26,231530.674,285.346,6716101.988,
L77,231550.425,292.338,6716185.802,
L79,231552.731,292.048,6716187.698,
L80,231554.666,292.358,6716188.791,
L3,231556.077,282.806,6716073.955,
L81,231555.77,292.407,6716189.676,
L82,231556.976,292.621,6716190.94,
L83,231558.115,292.563,6716192.49,
L84,231560.004,292.712,6716193.373,
L85,231561.567,292.963,6716194.169,
L86,231562.734,292.892,6716195.146,
L87,231563.561,292.832,6716196.209,
L88,231565.615,292.652,6716196.911,
L89,231567.662,293.221,6716197.365,
L90,231569.174,293.718,6716199.139,
L4,231554.535,283.079,6716074.394,
L91,231570.053,293.413,6716199.942,
L92,231571.115,293.709,6716201.443,
L93,231571.998,293.933,6716202.757,
L94,231573.95,293.705,6716204.407,
L95,231574.826,293.713,6716205.346,
L96,231575.908,294.695,6716207.077,
L97,231576.705,294.039,6716208.721,
L98,231577.584,294.378,6716210.255,
L99,231578.681,294.527,6716212.119,
L100,231579.378,294.908,6716213.371,
L5,231552.904,283.126,6716074.928,
L101,231580.495,294.8,6716215.083,
L102,231581.768,294.659,6716216.106,
L103,231584.402,294.184,6716216.57,
L104,231585.441,294.268,6716217.633,
L105,231587.607,294.001,6716218.134,
L106,231589.3325,294.197053,6716218.607,
L107,231590.8268,294.604736,6716219.327,
L108,231592.2116,295.197622,6716220.512,
L109,231593.103,295.349,6716222.353,
L110,231594.073,295.635,6716223.247,
L6,231551.865,283.487,6716076.239,
L111,231595.177,295.491,6716225.148,
L112,231596.535,295.622,6716226.618,
L113,231598.22,295.681,6716227.443,
L114,231599.188,295.662,6716228.671,
L115,231600.904,295.719,6716229.565,
L116,231602.183,296.056,6716231.124,
L117,231603.037,296.028,6716232.496,
L118,231604.399,296.52,6716233.759,
L119,231605.871,296.409,6716234.564,
L120,231606.94,296.504,6716235.857,
L7,231550.736,283.848,6716077.301,
L121,231608.473,296.698,6716237.26,
L122,231610.085,296.652,6716238.309,
L123,231611.636,296.599,6716239.426,
L124,231613.113,296.634,6716240.209,
L125,231614.584,296.833,6716241.324,
L126,231616.022,296.775,6716242.139,
L127,231617.371,297.005,6716242.982,
L128,231618.777,297.014,6716244.064,
L129,231620.388,297.123,6716245.129,
L130,231621.88,297.326,6716245.902,
L8,231548.621,283.797,6716079.284,
L131,231623.389,297.267,6716246.688,
L132,231625.879,297.842,6716246.101,
L9,231548.032,284.011,6716080.106,
M1,231559.496,280.802,6716072.771,
M10,231545.451,282.667,6716081.466,
M102,231586.1448,292.804334,6716218.434,
M105,231592.743,293.681,6716225.152,
M106,231594.048,293.964,6716226.689,
M107,231595.657,294.054,6716227.546,
M108,231597.534,293.757,6716228.133,
M109,231598.913,293.85,6716229.453,
M110,231600.12,293.936,6716230.25,
M111,231601.657,294.085,6716231.785,
M112,231602.784,294.391,6716233,
M113,231603.667,294.526,6716234.542,
M11,231543.517,282.697,6716082.744,
M114,231605.406,294.55,6716235.405,
M115,231606.615,294.317,6716236.573,
M116,231607.639,294.927,6716237.921,
M117,231609.598,294.889,6716238.945,
M118,231611.064,294.911,6716239.879,
M119,231612.622,294.995,6716241.028,
M120,231613.742,295.059,6716242.111,
M121,231615.597,295.243,6716242.687,
M122,231617.207,295.587,6716243.429,
M123,231618.691,295.58,6716244.34,
M12,231542.309,281.692,6716083.694,
M124,231620.138,295.295,6716245.335,
M125,231621.492,295.572,6716246.306,
M126,231624.172,295.348,6716246.806,
M127,231625.753,295.815,6716246.316,
M13,231540.874,282.684,6716084.96,
M14,231539.603,282.84,6716086.1,
M15,231538.145,282.664,6716087.375,
M16,231537.292,282.997,6716088.562,
M17,231536.031,283.052,6716090.03,
M18,231535.053,283.099,6716091.528,
M19,231533.932,283.232,6716092.886,
M2,231557.913,280.857,6716072.374,
M20,231532.731,283.196,6716094.475,
M21,231531.534,283.458,6716095.716,
M22,231531.268,283.571,6716096.733,
M23,231530.55,283.757,6716098.704,
M24,231530.132,283.978,6716099.9,
M25,231530.094,283.849,6716101.817,
M26,231530.084,283.85,6716103.733,
M27,231530.485,284.013,6716105.427,
M28,231530.648,283.928,6716107.211,
M29,231530.852,284.027,6716108.742,
M3,231555.886,281.026,6716072.85,
M30,231530.548,283.838,6716110.783,
M31,231530.61,283.897,6716111.938,
M32,231530.13,283.867,6716113.885,
M33,231530.215,284.158,6716115.531,
M34,231530.176,284.268,6716116.826,
M35,231530.096,284.525,6716118.743,
M36,231529.53,284.558,6716120.436,
M37,231529.078,284.512,6716121.681,
M38,231528.781,284.739,6716123.249,
M39,231528.319,284.717,6716124.981,
M4,231554.466,281.244,6716073.401,
M40,231527.902,285.099,6716126.829,
M41,231527.573,285.084,6716128.405,
M42,231527.499,285.07,6716130.342,
M43,231527.54,285.176,6716132.223,
M44,231527.679,285.31,6716134.019,
M45,231527.804,285.268,6716135.982,
M46,231527.706,285.446,6716137.729,
M47,231528.08,285.805,6716140.181,
M48,231528.432,286.086,6716141.775,
M49,231528.788,285.915,6716143.684,
M5,231552.86,281.711,6716074.383,
M50,231529.051,286.156,6716145.588,
M51,231529.724,286.134,6716146.918,
M52,231530.305,286.576,6716148.557,
M53,231531.083,286.531,6716150.375,
M54,231531.272,287.211,6716152.034,
M55,231531.592,287.279,6716153.759,
M56,231531.992,287.484,6716155.453,
M57,231532.365,287.594,6716156.994,
M58,231532.602,287.584,6716158.66,
M59,231533.432,287.994,6716160.262,
M6,231551.645,281.608,6716075.477,
M60,231533.43,288.913,6716161.754,
M61,231535.001,288.105,6716163.602,
M62,231536.292,288.256,6716165.174,
M63,231537.216,288.281,6716166.825,
M64,231537.685,288.59,6716168.406,
M65,231538.42,288.562,6716169.886,
M66,231539.035,288.435,6716171.276,
M67,231539.935,288.239,6716172.514,
M68,231540.86,288.417,6716174.352,
M69,231541.385,288.686,6716175.923,
M7,231550.575,281.936,6716076.643,
M70,231541.84,288.725,6716177.347,
M71,231541.53,288.888,6716179.621,
N64,231542.209,288.379928,6716181.604,
M74,231545.315,289.437,6716183.097,
M76,231551.607,290.457,6716189.078,
M77,231553.177,290.667,6716189.997,
M78,231554.644,290.636,6716191.198,
M79,231556.155,290.654,6716192.516,
M80,231557.271,290.945,6716193.663,
M81,231559.023,291.12,6716194.375,
M8,231548.491,282.121,6716078.642,
M82,231560.26,291.466,6716195.363,
M83,231561.648,291.48,6716196.411,
M84,231562.699,291.624,6716197.514,
M85,231564.308,291.216,6716198.17,
M86,231565.985,291.592,6716198.494,
M87,231567.74,291.631,6716200.11,
M88,231568.638,291.371,6716201.558,
M89,231569.872,291.969,6716203.129,
M90,231571.288,291.98,6716204.181,
M91,231572.504,291.873,6716205.861,
M9,231546.801,282.626,6716080.298,
M92,231573.776,292.33,6716206.447,
M93,231574.727,292.327,6716208.345,
M94,231575.601,292.377,6716210.064,
M95,231576.587,292.423,6716211.323,
M96,231577.785,292.643,6716213.102,
M97,231578.761,292.594,6716214.218,
M98,231580.382,292.829,6716215.154,
M99,231581.5126,292.866321,6716216.284,
M100,231583.61,292.253,6716217.546,
M101,231584.8392,292.537354,6716217.805,
N1,231559.086,279.267,6716072.296,
N10,231542.592,280.014,6716079.523,
N103,231593.3662,292.385136,6716227.626,
N104,231594.561,292.265586,6716228.363,
N105,231596.887,292.178,6716228.83,
N106,231598.391,292.156,6716229.624,
N107,231599.93,292,6716230.477,
N108,231600.918,292.185,6716232.343,
N109,231602.251,292.593,6716233.302,
N110,231603.227,292.435,6716235.1,
N111,231605.043,292.478,6716235.891,
N112,231606.388,292.643,6716237.033,
N11,231540.823,280.27,6716081.678,
N113,231607.42,292.722,6716238.415,
N114,231609.06,292.634,6716239.504,
N115,231610.448,292.741,6716240.515,
N116,231611.555,292.976,6716241.791,
N117,231613.243,292.944,6716243.166,
N118,231614.731,293.323,6716243.928,
N119,231616.47,293.566,6716244.457,
N120,231617.82,293.565,6716245.601,
N121,231619.439,293.685,6716246.55,
N122,231620.8711,293.278275,6716247.194,
N12,231529.028,281.775,6716097.59,
N123,231625.4825,294.315871,6716247.279,
N13,231528.162,281.829,6716098.994,
N14,231527.254,281.856,6716101.009,
N15,231527.124,281.92,6716102.564,
N16,231526.963,282.201,6716104.363,
N17,231526.631,282.295,6716106.06,
N18,231526.602,282.247,6716107.842,
N19,231526.403,282.537,6716109.634,
N2,231557.748,279.206,6716071.883,
N20,231526.115,282.546,6716111.062,
N21,231526.35,282.973,6716113.17,
N22,231526.043,282.909,6716114.763,
N23,231525.637,282.897,6716116.092,
N24,231525.329,283.1,6716117.722,
N25,231525.559,283.238,6716119.512,
N26,231524.993,283.339,6716121.346,
N27,231524.871,283.431,6716122.684,
N28,231524.823,283.273,6716124.514,
N29,231524.274,284.029,6716126.273,
N3,231555.791,279.202,6716071.922,
N30,231524.399,283.532,6716128.343,
N31,231524.913,283.583,6716130.4,
N32,231524.797,283.768,6716132.284,
N33,231524.782,283.842,6716133.527,
N34,231524.439,284.244,6716135.149,
N35,231524.269,284.454,6716136.825,
N36,231524.141,284.41,6716138.744,
N37,231524.969,284.523,6716140.63,
N38,231526.103,284.962,6716141.604,
N39,231525.501,285.098,6716143.184,
N4,231554.504,279.43,6716072.121,
N40,231526.133,285.209,6716145.386,
N41,231525.743,285.448,6716147.07,
N42,231526.073,285.543,6716148.811,
N43,231526.37,285.469,6716150.107,
N44,231526.546,285.69,6716151.797,
N45,231526.648,285.713,6716153.339,
N46,231527.423,285.923,6716155.159,
N47,231527.674,285.949,6716156.741,
N48,231528.372,286.17,6716158.386,
N49,231528.392,286.344,6716160.13,
N5,231552.565,279.451,6716072.823,
N50,231529.788,286.065,6716161.323,
N51,231530.145,286.411,6716163.231,
N52,231530.458,287.055,6716164.583,
N53,231531.493,287.064,6716166.03,
N54,231532.176,287.336,6716167.665,
N55,231533.277,287.079,6716169.088,
N56,231534.421,287.297,6716170.5,
N57,231535.045,287.379,6716172.142,
N58,231535.787,287.383,6716173.362,
N59,231536.923,287.579,6716174.948,
N6,231550.455,279.431,6716073.901,
N60,231537.754,287.65,6716176.849,
N61,231538.599,287.554,6716177.771,
N62,231539.429,287.62,6716178.963,
N63,231540.011,287.639,6716180.901,
N65,231543.703,288.249,6716182.521,
N66,231544.819,288.085,6716183.567,
N67,231545.984,288.349,6716185.022,
N68,231547.481,288.414,6716186.169,
N69,231548.549,288.592,6716187.575,
N70,231549.943,288.854,6716188.577,
N7,231548.987,279.591,6716075.026,
N71,231551.064,288.882,6716189.788,
N72,231552.398,288.747,6716191.011,
N73,231553.671,288.718,6716192.193,
N74,231555.328,289.023,6716193.264,
N75,231556.54,289.288,6716194.042,
N76,231557.918,288.987,6716195.091,
N77,231559.131,289.343,6716196.886,
N78,231560.504,289.235,6716197.749,
N79,231562.016,289.34,6716198.723,
N80,231563.384,289.365,6716199.513,
N8,231546.393,279.694,6716076.297,
N81,231564.689,289.383,6716200.167,
N82,231566.165,289.469,6716201.662,
N83,231566.803,289.356,6716202.968,
N84,231568.335,289.633,6716204.661,
N85,231569.974,290.042,6716205.684,
N86,231571.453,290.25,6716206.69,
N87,231572.626,290.394,6716208.151,
N88,231573.756,290.532,6716209.266,
N89,231574.644,290.44,6716210.811,
N90,231575.897,290.745,6716212.23,
N9,231544.081,279.638,6716078.147,
N91,231576.881,290.971,6716213.655,
N92,231578.27,291.179,6716214.792,
N93,231579.6236,291.39227,6716215.945,
N94,231581.3567,291.533932,6716217.057,
N95,231582.8696,291.282531,6716217.917,
N96,231584.318,291.281457,6716218.444,
N97,231585.7927,291.281147,6716219.299,
N98,231588.1648,290.993173,6716220.226,
N99,231589.3228,291.1661,6716221.145,
N102,231591.9727,292.12136,6716226.46,
O1,231559.361,277.033,6716071.429,
O10,231544.108,278.248,6716076.448,
O100,231574.756,288.959,6716213.11,
O101,231576.577,289.217,6716214.387,
O102,231577.946,289.406,6716215.512,
O103,231579.036,289.408,6716216.469,
O104,231580.423,289.257,6716217.899,
O105,231582.1443,289.432245,6716218.948,
O106,231583.3943,289.544756,6716219.817,
O107,231585.0393,289.331049,6716220.783,
O108,231586.7151,289.434029,6716221.381,
O110,231589.1684,290.08785,6716224.427,
O11,231543.203,278.435,6716077.905,
O111,231590.1782,290.200196,6716225.89,
O114,231596.039,290.041,6716229.803,
O115,231597.524,290.213,6716230.79,
O116,231599.044,290.011,6716231.896,
O117,231600.286,290.603,6716233.012,
O118,231602.72,290.742,6716235.783,
O119,231604.185,290.791,6716236.828,
O120,231605.577,290.847,6716237.818,
O121,231607.38,291.12,6716238.78,
O122,231608.53,291.163,6716239.96,
O12,231542.153,278.439,6716079.23,
O123,231610.011,291.198,6716240.975,
O124,231611.44,291.271,6716242.579,
O125,231612.574,291.408,6716243.729,
O126,231613.905,291.515,6716244.873,
O127,231615.721,291.514,6716245.742,
O128,231617.2423,291.873337,6716246.887,
O129,231618.352,291.693,6716247.939,
O130,231620.4748,291.204589,6716248.479,
O131,231622.7058,291.858155,6716248.718,
O13,231540.845,278.555,6716080.719,
O14,231539.599,278.479,6716081.984,
O15,231538.623,278.736,6716083.27,
O16,231537.333,279.027,6716084.644,
O17,231536.355,279.124,6716086.073,
O18,231535.133,279.176,6716087.234,
O19,231534.361,279.215,6716088.882,
O2,231557.646,277.189,6716071.333,
O20,231533.106,279.328,6716090.345,
O21,231531.652,279.41,6716091.361,
O22,231530.566,279.73,6716092.674,
O23,231529.257,279.763,6716093.936,
O24,231528.465,279.745,6716095.548,
O25,231527.885,279.769,6716097.207,
O26,231527.229,279.769,6716098.908,
O27,231526.908,279.891,6716100.602,
O28,231525.515,280.079,6716103.841,
O29,231524.983,280.061,6716105.611,
O3,231555.917,277.449,6716071.282,
O30,231524.995,280.292,6716107.446,
O31,231524.943,280.248,6716109.13,
O32,231524.979,280.545,6716110.69,
O33,231524.642,280.758,6716112.455,
O34,231524.264,280.81,6716114.228,
O35,231524.469,281.019,6716115.957,
O36,231523.987,281.079,6716117.719,
O37,231523.548,281.329,6716119.406,
O38,231524.162,280.839,6716121.172,
O39,231523.361,281.624,6716122.744,
O4,231554.465,277.482,6716071.313,
O40,231523.126,281.804,6716124.38,
O41,231522.707,281.962,6716126.454,
O42,231522.839,281.633,6716128.417,
O43,231523.379,282.395,6716133.423,
O44,231523.244,282.398,6716134.995,
O45,231523.136,282.287,6716136.73,
O46,231522.646,282.95,6716138.618,
O47,231522.935,282.835,6716140.428,
O48,231523.161,282.89,6716142.006,
O49,231523.719,283.337,6716143.772,
O5,231552.722,277.548,6716071.534,
O50,231523.832,283.397,6716145.656,
O51,231524.253,283.55,6716147.444,
O52,231524.492,283.978,6716149.12,
O53,231524.82,283.946,6716150.534,
O54,231525.362,284.057,6716151.951,
O55,231525.346,284.025,6716153.618,
O56,231526.155,284.09,6716155.147,
O57,231526.314,284.313,6716156.554,
O58,231527.125,284.038,6716158.959,
O59,231527.742,284.226,6716160.358,
O6,231551.565,277.553,6716072.245,
O60,231528.181,284.475,6716161.942,
O61,231528.721,284.84,6716163.737,
O62,231529.06,285.099,6716165.595,
O63,231529.674,285.337,6716167.103,
O64,231530.957,285.221,6716168.66,
O65,231531.863,285.308,6716170.016,
O66,231532.932,285.248,6716171.173,
O67,231533.419,285.611,6716172.949,
O68,231534.61,285.805,6716173.983,
O69,231535.589,286.018,6716175.989,
O7,231549.818,277.713,6716072.736,
O70,231536.589,285.873,6716177.363,
O71,231537.544,285.884,6716178.675,
O72,231538.393,285.811,6716179.653,
O73,231539.866,286.182,6716181.252,
O74,231541.041,286.152,6716182.357,
O75,231542.702,286.637,6716183.535,
O76,231543.896,286.55,6716184.612,
O77,231545.182,286.727,6716186.012,
O78,231546.585,286.851,6716187.058,
O79,231547.992,286.924,6716188.19,
O8,231548.299,277.724,6716073.876,
O80,231549.285,286.982,6716189.323,
O81,231550.581,287.003,6716190.47,
O82,231551.599,286.935,6716191.562,
O83,231553.335,286.981,6716193.225,
O84,231554.749,287.337,6716193.957,
O85,231556.174,287.43,6716194.678,
O86,231557.355,287.358,6716196.106,
O87,231558.474,287.687,6716197.762,
O88,231559.868,287.62,6716198.648,
O89,231560.925,287.665,6716199.574,
O9,231545.664,278.099,6716075.28,
O90,231562.592,287.84,6716200.441,
O91,231563.907,287.75,6716201.392,
O92,231565.115,287.855,6716202.502,
O93,231566.303,287.973,6716204.036,
O94,231567.604,288.231,6716205.351,
O95,231569.122,288.376,6716206.598,
O96,231570.165,288.274,6716207.813,
O97,231571.609,288.58,6716209.514,
O98,231572.504,288.727,6716210.733,
O99,231573.527,288.677,6716212.131,
P1,231559.863,275.491579,6716070.006,
P10,231543.67,276.337579,6716076.411,
P100,231573.187,287.217579,6716213.636,
P101,231574.496,287.193579,6716214.777,
P102,231575.863,287.404579,6716216.106,
P103,231577.31,287.619579,6716217.109,
P104,231578.477,287.418579,6716218.672,
P105,231579.94,287.414579,6716219.751,
P106,231581.87,287.289579,6716220.616,
P107,231583.344,287.229579,6716221.405,
P108,231584.668,287.802579,6716222.602,
P109,231586.425,287.783579,6716223.134,
P11,231542.678,276.579579,6716077.829,
P110,231587.372,287.938579,6716224.51,
P111,231588.606,288.078579,6716226.03,
P112,231589.868,288.197579,6716227.44,
P113,231591.356,288.273579,6716228.376,
P114,231592.707,288.209579,6716229.664,
P115,231594.335,288.491579,6716230.572,
P116,231595.707,288.567579,6716231.711,
P117,231596.938,288.611579,6716233.033,
P118,231598.504,288.617579,6716233.904,
P119,231599.812,288.688579,6716235.178,
P12,231541.581,276.703579,6716079.284,
P120,231601.249,288.755579,6716236.341,
P121,231602.682,288.940579,6716237.601,
P122,231604.028,288.877579,6716238.411,
P123,231605.378,289.074579,6716239.589,
P124,231606.835,289.146579,6716240.676,
P125,231608.143,289.224579,6716241.862,
P126,231609.654,289.330579,6716242.877,
P127,231611.051,289.381579,6716244.2,
P128,231612.354,289.457579,6716245.087,
P129,231613.726,289.562579,6716246.55,
P13,231540.421,276.785579,6716080.773,
P130,231615.67,289.611579,6716247.276,
P131,231616.722,289.545579,6716248.352,
P132,231618.72,289.649579,6716249.102,
P133,231620.488,289.982579,6716249.791,
P14,231539.305,276.800579,6716082.052,
P15,231537.806,277.037579,6716083.078,
P16,231536.822,277.153579,6716084.515,
P17,231535.465,277.331579,6716085.74,
P18,231534.631,277.478579,6716087.135,
P19,231533.461,277.482579,6716088.714,
P2,231556.315,275.508579,6716070.172,
P20,231532.173,277.588579,6716090.158,
P21,231531.128,277.753579,6716091.491,
P22,231530.033,277.867579,6716092.795,
P23,231528.804,277.962579,6716094.127,
P24,231528.073,278.102579,6716095.833,
P25,231527.038,278.255579,6716099.198,
P26,231526.644,278.318579,6716101.196,
P27,231526.204,278.447579,6716102.678,
P28,231525.276,278.579579,6716104.167,
P29,231524.521,278.711579,6716105.971,
P3,231554.602,275.702579,6716070.099,
P30,231523.963,279.032579,6716107.587,
P31,231523.627,278.911579,6716109.369,
P32,231523.018,278.997579,6716111.013,
P33,231522.932,279.070579,6716112.938,
P34,231522.643,279.186579,6716114.732,
P35,231522.572,279.460579,6716116.483,
P36,231522.216,279.623579,6716118.131,
P37,231521.91,279.831579,6716119.784,
P38,231521.903,279.747579,6716121.654,
P39,231521.795,280.062579,6716123.505,
P4,231552.825,275.741579,6716070.612,
P40,231521.771,280.032579,6716125.288,
P41,231521.754,279.742579,6716126.935,
P42,231521.455,280.231579,6716128.705,
P43,231521.737,280.446579,6716130.495,
P44,231521.867,280.690579,6716132.247,
P45,231521.925,280.823579,6716134.325,
P46,231521.717,280.953579,6716137.253,
P47,231521.486,281.020579,6716139.473,
P48,231521.864,281.329579,6716141.467,
P49,231521.845,281.215579,6716143.077,
P5,231551.126,275.736579,6716071.344,
P50,231521.233,281.379579,6716145.652,
P51,231521.749,281.524579,6716146.707,
P52,231522.126,281.733579,6716148.545,
P53,231522.453,281.981579,6716150.188,
P54,231522.795,281.925579,6716151.865,
P55,231523.816,282.023579,6716153.327,
P56,231524.378,282.194579,6716155.005,
P57,231525.164,282.338579,6716156.607,
P58,231524.988,282.183579,6716158.215,
P59,231525.554,282.505579,6716160.473,
P6,231549.721,275.879579,6716072.264,
P60,231525.981,282.727579,6716161.811,
P61,231526.403,282.713579,6716163.522,
P62,231527.361,282.924579,6716164.615,
P63,231527.676,282.971579,6716166.825,
P64,231528.845,283.207579,6716168.669,
P65,231530.159,283.417579,6716169.911,
P66,231530.484,283.434579,6716171.164,
P67,231531.199,283.692579,6716172.602,
P68,231532.285,283.847579,6716173.957,
P69,231533.385,283.864579,6716175.243,
P7,231548.209,276.026579,6716073.011,
P70,231534.795,283.934579,6716177.419,
P71,231535.783,284.084579,6716178.675,
P72,231536.825,284.079579,6716180.547,
P73,231537.761,284.110579,6716181.692,
P74,231539.14,284.336579,6716183.067,
P75,231540.419,284.554579,6716184.27,
P76,231542.139,284.851579,6716185.549,
P77,231543.414,284.765579,6716186.537,
P78,231544.959,284.971579,6716187.601,
P79,231546.126,285.076579,6716188.748,
P8,231546.722,276.060579,6716074.098,
P80,231547.368,285.211579,6716190.217,
P81,231548.525,285.342579,6716191.541,
P82,231549.998,285.403579,6716192.53,
P83,231551.365,285.462579,6716193.747,
P84,231552.543,285.556579,6716194.846,
P85,231554.495,285.794579,6716195.515,
P86,231555.833,285.896579,6716196.474,
P87,231557.648,285.865579,6716197.182,
P88,231558.473,285.848579,6716198.986,
P89,231559.573,285.949579,6716200.119,
P9,231545.379,276.240579,6716075.247,
P90,231560.192,286.013579,6716201.756,
P91,231562.604,286.352579,6716202.11,
P92,231563.547,286.356579,6716203.035,
P93,231564.703,286.419579,6716204.722,
P94,231565.813,286.321579,6716206.005,
P95,231566.907,286.490579,6716207.116,
P96,231568.594,286.596579,6716208.347,
P97,231569.756,286.924579,6716209.465,
P98,231570.616,286.861579,6716211.177,
P99,231572.05,286.957579,6716212.164,
Q1,231545.614,280.906,6716079.579,
Q10,231534.343,281.727,6716091.082,
Q11,231533.407,281.653,6716092.363,
Q12,231532.471,281.694,6716094.087,
Q13,231531.343,281.961,6716095.359,
Q14,231530.814,282.139,6716096.482,
Q15,231529.915,282.394,6716098.266,
Q16,231529.873,282.664,6716099.804,
Q17,231529.052,282.636,6716101.523,
Q18,231528.222,282.501,6716103.021,
Q2,231544.465,280.94,6716081.066,
Q3,231542.981,280.92,6716082.324,
Q4,231541.41,280.905,6716083.144,
Q5,231539.944,280.943,6716084.295,
Q6,231538.579,280.955,6716085.385,
Q7,231537.661,281.166,6716087.008,
Q8,231536.841,281.355,6716088.336,
Q9,231535.44,281.505,6716089.711,
R1,231548.932,288.395,6716082.399,
R10,231539.767,289.302,6716094.828,
R12,231536.901,289.537,6716098.81,
R13,231536.406,289.604,6716100.242,
R14,231535.389,289.599,6716101.537,
R15,231534.661,289.623,6716102.934,
R16,231534.256,289.742,6716104.096,
R17,231533.693,290.012,6716105.077,
J28,231533.491,289.932,6716106.626,
J29,231533.366,289.446,6716108.096,
J30,231533.275,289.192,6716109.144,
R2,231547.798,288.488,6716084.141,
J31,231533.036,289.169,6716109.973,
J32,231532.885,289.492,6716111.083,
J33,231532.311,289.616,6716112.372,
J34,231532.13,289.835,6716114.328,
J35,231532.404,289.749,6716115.974,
J36,231532.286,290.059,6716117.617,
J37,231531.981,290.136,6716119.126,
J38,231531.816,290.004,6716120.755,
J39,231531.756,290.038,6716122.334,
J40,231531.747,290.258,6716124.309,
R3,231546.631,288.907,6716085.738,
J41,231531.759,290.029,6716125.73,
J42,231531.691,290.313,6716126.917,
J43,231532.273,290.354,6716128.861,
J44,231532.603,290.22,6716130.568,
J45,231532.651,289.552,6716132.245,
J46,231532.57,289.959,6716134.213,
J47,231532.641,290.302,6716135.776,
J48,231532.864,290.269,6716137.457,
J49,231533.392,290.557,6716139.104,
J50,231533.6,290.932,6716140.927,
R4,231545.841,288.692,6716086.878,
J51,231533.781,291.013,6716142.427,
R5,231544.465,288.67,6716088.206,
R6,231543.711,288.833,6716089.39,
R7,231542.823,288.745,6716090.358,
R8,231541.629,288.862,6716091.728,
R9,231541.13,289.37,6716093.234,
R18,231534.331,292.122,6716130.28,
J53,231534.497,292.608,6716146.342,
J54,231534.2827,292.077224,6716148.008,
J55,231534.587,292.438,6716149.566,
J56,231535.258,292.523,6716151.226,
J57,231535.465,292.868,6716152.774,
J58,231535.982,292.884,6716154.445,
J59,231536.285,292.855,6716155.74,
J60,231536.46,292.628,6716157.324,
J61,231536.912,292.951,6716158.653,
J62,231537.557,293.138,6716160.074,
R19,231534.745,292.109,6716132.186,
J63,231537.764,293.257,6716162.023,
J64,231538.2897,293.031182,6716164.007,
J65,231540.062,293.251,6716165.47,
J66,231540.637,293.523,6716166.717,
J67,231541.162,293.266,6716167.996,
J68,231541.891,293.63,6716169.359,
J69,231542.526,293.636,6716171.32,
J70,231544.6856,294.01423,6716173.829,
J71,231543.9656,293.74146,6716176.701,
S5,231553.439,297.963,6716184.447,
R20,231534.707,292.199,6716133.759,
S6,231554.653,297.633,6716185.501,
S7,231556.596,298.067,6716185.951,
S8,231557.737,298.02,6716187.796,
S9,231558.131,297.957,6716189.572,
S10,231559.49,297.945,6716190.676,
S11,231560.808,298.02,6716191.889,
S12,231562.551,298.533,6716193.005,
S13,231564.25,297.744,6716193.438,
S14,231565.563,297.756,6716193.887,
R21,231534.529,292.212,6716135.692,
R22,231534.801,292.188,6716137.663,
R23,231534.846,292.589,6716139.433,
R24,231534.824,292.518,6716141.04,
R25,231535.288,292.569,6716142.64,
J52,231534.884,292.418,6716144.825,
T1,231547.138,299.816,6716178.478,
T13,231594.3419,303.488105,6716212.225,
T19,231629.9319,311.179661,6716238.657,
T20,231631.0312,311.31976,6716238.976,
T21,231632.42,311.723258,6716239.051,
T2,231550.141,299.408,6716180.828,
T6,231554.837,299.878,6716185.091,
T7,231557.555,299.604,6716186.033,
T8,231557.748,299.359,6716187.711,
T9,231558.33,299.893,6716189.551,
T10,231559.711,299.85,6716190.539,
T11,231561.216,299.984,6716191.679,
T12,231591.6399,303.663397,6716210.249,
U1,231547.675,301.77,6716177.839,
U10,231561.267,301.683,6716191.274,
U2,231548.854,301.568,6716178.669,
U3,231550.752,301.376,6716180.298,
U4,231551.405,301.898,6716182.268,
U5,231554.948,301.596,6716185.093,
U6,231556.477,301.187,6716185.704,
U7,231557.758,301.404,6716187.316,
U8,231558.979,301.721,6716189.009,
U9,231559.952,301.402,6716190.166,
V1,231555.006,303.194,6716184.885,
V2,231557.901,303.009,6716187.561,
V3,231559.379,303.434,6716188.456,
V4,231560.009,303.376,6716189.746,
V5,231561.769,303.647,6716190.91,
X1,231558.292,304.642,6716184.558,
X2,231558.189,304.673,6716187.271,
X3,231560.373,305.654,6716187.316,
X4,231560.878,305.431,6716188.908,
X5,231562.102,305.16,6716189.958,
N100,231589.7672,291.380157,6716223.297,
N101,231590.8433,291.828532,6716224.871,
M104,231591.9601,293.562063,6716223.714,
M103,231588.8212,292.513348,6716219.367,
I1,231582.9786,299.999179,6716211.339,
R11,231537.7947,289.444963,6716097.674,
point 7,231533.2369,290.075921,6716112.078,
T17,231625.3794,311.525292,6716236.845,
T16,231624.5342,311.495792,6716236.209,
T15,231622.9793,311.304233,6716235.869,
T14,231621.4035,310.958362,6716235.849,
T18,231627.6695,311.58762,6716238.004,
E5,231621.0721,309.249104,6716236.338,
E2,231612.691,309.033738,6716233.529,
G2,231602.9193,304.744337,6716223.694,
G1,231602.266,304.862184,6716222.677,
K105,231592.7096,296.287087,6716219.546,
K106,231593.4113,296.401688,6716221.512,
O113,231594.375,290.412456,6716229.202,
O112,231592.8884,290.218307,6716228.368,
O109,231587.7721,289.256351,6716222.715,
L76,231548.9615,291.760024,6716184.808,
L75,231547.4151,291.743849,6716183.87,
L74,231545.5947,291.665841,6716182.868,
L73,231544.2974,292.016571,6716181.754,
M73,231544.226,289.770729,6716182.227,
M72,231542.8229,289.337321,6716180.813,
M75,231550.6761,290.632371,6716187.754,
K73,231549.5766,294.285811,6716184.097,
K72,231547.8739,294.261319,6716182.969,
J72,231543.4079,293.53702,6716179.852,
J73,231544.237,293.794221,6716181.298,
J74,231546.9644,295.689884,6716181.285,
J75,231548.6389,296.086154,6716182.128,
J76,231550.0001,295.899231,6716183.548,
J77,231551.6166,296.151581,6716184.471,
J78,231552.7879,295.929532,6716185.3,
S4,231551.9528,297.609902,6716184.005,
S3,231550.4194,297.5322,6716183.019,
S2,231549.1932,297.417337,6716181.561,
S1,231547.6885,296.994802,6716180.559,
T3,231550.8888,299.791589,6716182.466,
T4,231552.2596,299.864633,6716183.661,
T5,231553.7569,299.705082,6716184.354,
L78,231551.8149,292.307359,6716186.647,
E11,231630.529,310.476067,6716239.211,
J94,231575.8996,297.324304,6716200.963,
