J 1,232382.181,348.916,6716531.475,
J 3,231556.282,286.523,6716075.872,
J 4,231554.798,286.399,6716075.992,
J1,231559.401,286.615,6716075.894,
J10,231548.308,287.225,6716082.066,
J11,231547.403,287.396,6716083.496,
J12,231546.34,287.492,6716085.43,
J13,231545.446,287.337,6716086.744,
J14,231544.312,287.496,6716088.149,
J15,231543.664,287.809,6716089.329,
J16,231542.725,287.945,6716090.397,
J17,231541.466,287.904,6716091.853,
J18,231540.588,288.064,6716093.679,
J19,231539.368,288.259,6716094.896,
J2,231558.075,286.5,6716075.97,
J20,231538.815,288.589,6716096.425,
J21,231537.546,288.716,6716097.431,
J22,231536.813,288.537,6716098.665,
J23,231535.967,288.441,6716100.111,
J24,231535.169,288.345,6716101.243,
J25,231534.204,288.401,6716102.674,
J26,231533.973,288.67,6716103.968,
J27,231533.518,288.738,6716105.188,
J28,231533.014,288.02,6716106.319,
J29,231533.32,287.581,6716108.358,
J30,231533.068,287.559,6716109.673,
J31,231532.817,287.555,6716111.31,
J32,231532.231,287.528,6716112.656,
J33,231531.772,287.673,6716114.244,
J34,231531.756,288.181,6716116.144,
J35,231531.433,287.845,6716117.426,
J36,231531.096,288.069,6716118.939,
J37,231530.739,288.255,6716120.496,
J38,231530.495,288.485,6716122.434,
J39,231530.55,288.443,6716124.293,
J40,231530.678,288.486,6716126.877,
J41,231531.176,288.275,6716132.307,
J42,231531.319,288.281,6716130.488,
J43,231531.42,288.503,6716134.101,
J44,231531.397,288.866,6716135.919,
J45,231531.716,289.048,6716137.49,
J46,231531.649,289.269,6716139.187,
J47,231532.014,289.562,6716141.062,
J5,231553.782,286.807,6716076.951,
J6,231552.824,286.715,6716077.277,
J7,231551.815,287.334,6716078.508,
J8,231550.359,287.145,6716080.282,
J9,231549.453,287.759,6716081.397,
K 1,232382.338,350.173,6716530.678,
K 1 ,231559.261,285.001,6716074.933,
K 2 ,231557.854,284.952,6716075.339,
K 3,231556.164,284.785,6716075.319,
K 4,232385.978,350.592,6716532.096,
K 5,232387.067,350.815,6716532.845,
K10,231547.992,285.506,6716081.667,
K11,231546.907,285.579,6716083.202,
K12,231546.043,285.68,6716084.811,
K13,231545.164,285.773,6716086.369,
K14,231543.899,286.374,6716087.817,
K15,231543.354,285.937,6716089.027,
K16,231542.322,285.921,6716090.292,
K17,231541.544,286.111,6716091.345,
K18,231539.693,286.11,6716093.066,
K19,231538.879,286.427,6716094.326,
K20,231538.15,286.599,6716096.114,
K21,231536.789,286.263,6716097.221,
K22,231536.171,286.569,6716098.399,
K23,231535.074,286.658,6716099.577,
K24,231534.698,286.711,6716100.918,
K25,231533.725,286.724,6716102.511,
K26,231533.265,286.758,6716103.766,
K27,231532.81,286.701,6716104.94,
K28,231532.586,286.195,6716106.479,
K29,231532.254,285.606,6716108.062,
K30,231532.346,285.559,6716109.763,
K31,231532.593,285.717,6716111.276,
K32,231532.074,285.686,6716112.496,
K33,231531.352,285.668,6716114.221,
K34,231530.783,285.854,6716115.531,
K35,231530.724,286.176,6716117.161,
K36,231530.207,286.261,6716118.968,
K37,231529.683,286.305,6716120.359,
K38,231529.579,285.998,6716122.073,
K40,231529.471,286.364,6716125.313,
K4,231554.547,284.909,6716075.279,
K41,231529.63,286.909,6716126.875,
K42,231529.997,286.116,6716128.331,
K43,231525.283,290.399,6716131.857,
K45,231529.597,287.099,6716134.623,
K46,231529.783,287.262,6716135.835,
K48,231529.852,287.288,6716137.556,
K49,231529.888,287.397,6716139.279,
K51,231530.225,287.821,6716142.682,
K5,231553.394,285.346,6716076.167,
K6,231552.435,285.144,6716076.856,
K7,231551.432,285.46,6716078.043,
K8,231549.727,285.666,6716079.81,
K9,231548.931,285.687,6716080.806,
L 1,231559.322,282.832,6716073.274,
L 10 ,231546.987,284.345,6716081.035,
L 11,231545.57,284.335,6716082.08,
L 12,231544.026,284.368,6716083.306,
L 13,231542.829,284.547,6716084.461,
L 14,231541.261,284.342,6716085.381,
L 15,231540.051,284.438,6716086.454,
L 16,231538.703,284.43,6716087.681,
L 17,231537.701,284.765,6716088.845,
L 18,231536.883,284.858,6716090.591,
L 19,231535.532,284.815,6716091.709,
L 2,231557.713,282.791,6716073.428,
L 20,231533.998,285.015,6716093.114,
L 21,231533.116,285.086,6716094.473,
L 22,231532.014,285.127,6716095.749,
L 23,231531.593,285.213,6716097.339,
L 24,231531.13,285.248,6716098.932,
L 25,231530.673,285.034,6716100.387,
L 26,231530.674,285.346,6716101.988,
L 3,231556.077,282.806,6716073.955,
L 4,231554.535,283.079,6716074.394,
L 5 ,231552.904,283.126,6716074.928,
L 6,231551.865,283.487,6716076.239,
L 7,231550.736,283.848,6716077.301,
L 8 ,231548.621,283.797,6716079.284,
L 9,231548.032,284.011,6716080.106,
M 1 ,231559.496,280.802,6716072.771,
M 10,231545.451,282.667,6716081.466,
M 11,231543.517,282.697,6716082.744,
M 12,231542.309,281.692,6716083.694,
M 13,231540.874,282.684,6716084.96,
M 14,231539.603,282.84,6716086.1,
M 15,231538.145,282.664,6716087.375,
M 16,231537.292,282.997,6716088.562,
M 17,231536.031,283.052,6716090.03,
M 18,231535.053,283.099,6716091.528,
M 19,231533.932,283.232,6716092.886,
M 2,231557.913,280.857,6716072.374,
M 20,231532.731,283.196,6716094.475,
M 21,231531.534,283.458,6716095.716,
M 22,231531.268,283.571,6716096.733,
M 23 ,231530.55,283.757,6716098.704,
M 24,231530.132,283.978,6716099.9,
M 25,231530.094,283.849,6716101.817,
M 26 ,231530.084,283.85,6716103.733,
M 27,231530.485,284.013,6716105.427,
M 28,231530.648,283.928,6716107.211,
M 29,231530.852,284.027,6716108.742,
M 3,231555.886,281.026,6716072.85,
M 30 ,231530.548,283.838,6716110.783,
M 31,231530.61,283.897,6716111.938,
M 32,231530.13,283.867,6716113.885,
M 33,231530.215,284.158,6716115.531,
M 34,231530.176,284.268,6716116.826,
M 35,231530.096,284.525,6716118.743,
M 36,231529.53,284.558,6716120.436,
M 37,231529.078,284.512,6716121.681,
M 38,231528.781,284.739,6716123.249,
M 39,231528.319,284.717,6716124.981,
M 4,231554.466,281.244,6716073.401,
M 40,231527.902,285.099,6716126.829,
M 41,231527.573,285.084,6716128.405,
M 5 ,231552.86,281.711,6716074.383,
M 6,231551.645,281.608,6716075.477,
M 7,231550.575,281.936,6716076.643,
M 8,231548.491,282.121,6716078.642,
M 9,231546.801,282.626,6716080.298,
M47,231528.08,285.805,6716140.181,
M48,231528.432,286.086,6716141.775,
N 1,231559.086,279.267,6716072.296,
N 10,231542.592,280.014,6716079.523,
N 11,231540.823,280.27,6716081.678,
N 12,231529.028,281.775,6716097.59,
N 13,231528.162,281.829,6716098.994,
N 14 ,231527.254,281.856,6716101.009,
N 15,231527.124,281.92,6716102.564,
N 16,231526.963,282.201,6716104.363,
N 17,231526.631,282.295,6716106.06,
N 18,231526.602,282.247,6716107.842,
N 19,231526.403,282.537,6716109.634,
N 2,231557.748,279.206,6716071.883,
N 20,231526.115,282.546,6716111.062,
N 21,231526.35,282.973,6716113.17,
N 22,231526.043,282.909,6716114.763,
N 23,231525.637,282.897,6716116.092,
N 24,231525.329,283.1,6716117.722,
N 25,231525.559,283.238,6716119.512,
N 26,231524.993,283.339,6716121.346,
N 27,231524.871,283.431,6716122.684,
N29,231524.274,284.029,6716126.273,
N 3,231555.791,279.202,6716071.922,
N 4,231554.504,279.43,6716072.121,
N 5 ,231552.565,279.451,6716072.823,
N 6,231550.455,279.431,6716073.901,
N 7,231548.987,279.591,6716075.026,
N 9,231544.081,279.638,6716078.147,
N8,231546.393,279.694,6716076.297,
O 41,231523.126,281.804,6716124.38,
O 42,231522.707,281.962,6716126.454,
O 5,231552.722,277.548,6716071.534,
O 6,231551.565,277.553,6716072.245,
O 7,231549.818,277.713,6716072.736,
O 8,231548.299,277.724,6716073.876,
O 9,231545.664,278.099,6716075.28,
O3,231555.917,277.449,6716071.282,
Q 1,231545.614,280.906,6716079.579,
Q 10,231534.343,281.727,6716091.082,
Q 11,231533.407,281.653,6716092.363,
Q 12,231532.471,281.694,6716094.087,
Q 13,231531.343,281.961,6716095.359,
Q 14,231530.814,282.139,6716096.482,
Q 15,231529.915,282.394,6716098.266,
Q 16,231529.873,282.664,6716099.804,
Q 17,231529.052,282.636,6716101.523,
Q 18,231528.222,282.501,6716103.021,
Q 2,231544.465,280.94,6716081.066,
Q 3,231542.981,280.92,6716082.324,
Q 4,231541.41,280.905,6716083.144,
Q 5 ,231539.944,280.943,6716084.295,
Q 6,231538.579,280.955,6716085.385,
Q 7,231537.661,281.166,6716087.008,
Q 8,231536.841,281.355,6716088.336,
Q 9,231535.44,281.505,6716089.711,
R 13,231536.901,289.537,6716098.81,
R 14 ,231536.406,289.604,6716100.242,
R 15 ,231535.389,289.599,6716101.537,
R 16,231534.661,289.623,6716102.934,
R 17 ,231534.256,289.742,6716104.096,
R 18,231533.693,290.012,6716105.077,
R 19,231533.491,289.932,6716106.626,
R 20,231533.366,289.446,6716108.096,
R 21,231533.036,289.169,6716109.973,
R 22,231532.885,289.492,6716111.083,
R 23,231532.311,289.616,6716112.372,
R 24,231532.13,289.835,6716114.328,
R 25,231532.404,289.749,6716115.974,
R 26,231532.286,290.059,6716117.617,
R 27,231531.981,290.136,6716119.126,
R 28,231531.816,290.004,6716120.755,
R 29,231531.756,290.038,6716122.334,
R 30,231531.747,290.258,6716124.309,
R32,231531.691,290.313,6716126.917,
R33,231532.273,290.354,6716128.861,
R 33,231532.603,290.22,6716130.568,
R 35,231532.57,289.959,6716134.213,
R 36,231532.641,290.302,6716135.776,
R1,231548.932,288.395,6716082.399,
R10,231539.767,289.302,6716094.828,
R2,231547.798,288.488,6716084.141,
R3,231546.631,288.907,6716085.738,
R4,231545.841,288.692,6716086.878,
R5,231544.465,288.67,6716088.206,
R6,231543.711,288.833,6716089.39,
R7,231542.823,288.745,6716090.358,
R8,231541.629,288.862,6716091.728,
R9,231541.13,289.37,6716093.234,
j 2,232383.118,348.891,6716531.947,
j 3,232384.197,348.754,6716532.083,
j 4,232385.475,348.707,6716532.339,
j 5,232386.981,348.79,6716533.449,
j 7,232390.415,349.719,6716535.858,
j 8,232391.64,349.382,6716536.442,
132,231612.574,291.408,6716243.729,
O62,231528.721,284.84,6716163.737,
J100,231618.395,300.671,6716241.725,
J101,231619.692,300.744,6716242.865,
J102,231621.133,300.76,6716243.858,
J98,231615.947,300.277,6716239.531,
J99,231616.838,300.587,6716240.888,
K128,231613.834,298.303,6716239.068,
K129,231615.212,298.547,6716240.322,
K131,231618.25,298.944,6716241.875,
K132,231619.538,298.959,6716243.601,
K133,231620.71,298.777,6716244.476,
L127,231611.636,296.599,6716239.426,
L128,231613.113,296.634,6716240.209,
L129,231614.584,296.833,6716241.324,
L130,231616.022,296.775,6716242.139,
L131,231617.371,297.005,6716242.982,
L132,231618.777,297.014,6716244.064,
L133,231620.388,297.123,6716245.129,
M128,231611.064,294.911,6716239.879,
M129,231612.622,294.995,6716241.028,
M130,231613.742,295.059,6716242.111,
M131,231615.597,295.243,6716242.687,
M132,231617.207,295.587,6716243.429,
M133,231618.691,295.58,6716244.34,
M134,231620.138,295.295,6716245.335,
N128,231610.448,292.741,6716240.515,
N129,231611.555,292.976,6716241.791,
N130,231613.243,292.944,6716243.166,
N131,231614.731,293.323,6716243.928,
N132,231616.47,293.566,6716244.457,
N133,231617.82,293.565,6716245.601,
N134,231619.439,293.685,6716246.55,
O130,231610.011,291.198,6716240.975,
O131,231611.44,291.271,6716242.579,
O133,231613.905,291.515,6716244.873,
O134,231615.721,291.514,6716245.742,
O135,231618.352,291.693,6716247.939,
K55,231538.117,289.72,6716166.402,
K54,231537.389,289.716,6716164.28,
K53,231536.027,289.664,6716162.886,
K52,231535.11,289.599,6716161.514,
K51,231534.551,289.421,6716159.886,
K50,231533.954,289.027,6716158.546,
K49,231533.608,289.293,6716156.595,
K48,231532.975,288.806,6716155.087,
K47,231533.26,288.391,6716153.535,
K46,231532.524,288.61,6716151.677,
K55,231531.968,288.394,6716150.244,
K54,231532.313,288.383,6716148.107,
K53,231531.32,287.962,6716146.954,
N59,231536.923,287.579,6716174.948,
N58,231535.787,287.383,6716173.362,
N57,231535.045,287.379,6716172.142,
N56,231534.421,287.297,6716170.5,
N54,231532.176,287.336,6716167.665,
N53,231531.493,287.064,6716166.03,
N52,231530.458,287.055,6716164.583,
N51,231530.145,286.411,6716163.231,
N50,231529.788,286.065,6716161.323,
N49,231528.392,286.344,6716160.13,
N48,231528.372,286.17,6716158.386,
N47,231527.674,285.949,6716156.741,
O47,231522.646,282.95,6716138.618,
P57,231522.066,282.229,6716151.064,
P55,231521.594,281.784,6716147.814,
J41,231531.035,288.342,6716128.687,
PT30,231533.275,289.192,6716109.144,
PT31,231533.23,288.638,6716106.141,
J40,231530.501,288.557,6716125.463,
K44,231529.589,286.852,6716132.205,
PT66,231533.159,286.405,6716109.04,
J60,231540.3,291.033,6716168.71,
J61,231541.381,291.824,6716169.776,
J59,231539.722,291.169,6716167.317,
J58,231539.041,291.272,6716165.933,
J57,231537.892,291.248,6716164.288,
J56,231537.189,290.997,6716162.182,
J53,231535.074,290.874,6716157.881,
J52,231535.195,290.744,6716156.327,
J51,231534.721,290.546,6716154.713,
J49,231534.146,290.64,6716151.403,
J48,231534.008,290.268,6716149.768,
J47,231533.345,290.358,6716147.906,
J48,231533.267,290.44,6716146.27,
J49,231533.093,289.819,6716144.262,
PT93,231542.114,290.759,6716178.793,
K62,231543.1,290.758,6716176.945,
K61,231542.916,290.513,6716174.744,
K60,231542.2,290.266,6716173.359,
K58,231540.613,289.754,6716170.521,
K56,231538.254,289.595,6716167.844,
PT99,231538.251,289.594,6716167.843,
point1,231534.745,292.109,6716132.186,
K96,231572.453,295.567,6716200.139,
M127,231609.598,294.889,6716238.945,
M126,231607.639,294.927,6716237.921,
M125,231606.615,294.317,6716236.573,
M124,231605.406,294.55,6716235.405,
L116,231596.535,295.622,6716226.618,
L117,231598.22,295.681,6716227.443,
L118,231599.188,295.662,6716228.671,
L119,231600.904,295.719,6716229.565,
L120,231602.183,296.056,6716231.124,
K95,231571.419,295.408,6716198.687,
L121,231603.037,296.028,6716232.496,
L122,231604.399,296.52,6716233.759,
L124,231606.94,296.504,6716235.857,
L126,231610.085,296.652,6716238.309,
N121,231600.918,292.185,6716232.343,
N123,231603.227,292.435,6716235.1,
O123,231600.286,290.603,6716233.012,
O121,231597.524,290.213,6716230.79,
J72,231580.622,298.028,6716209.951,
O125,231602.72,290.742,6716235.783,
O127,231605.577,290.847,6716237.818,
O128,231607.38,291.12,6716238.78,
K126,231610.907,298.657,6716237.49,
J95,231611.308,300.281,6716236.782,
J92,231607.053,299.856,6716233.576,
K123,231606.343,298.009,6716234.236,
K122,231605.289,298.047,6716233.106,
J91,231605.666,299.786,6716232.331,
J90,231604.19,299.697,6716231.296,
J71,231580.026,297.976,6716207.681,
K121,231603.806,297.875,6716231.831,
K120,231602.954,297.712,6716230.25,
K119,231601.53,297.57,6716228.671,
I34,231604.309,301.479,6716231.156,
I35,231606.022,301.691,6716232.197,
I36,231607.126,301.616,6716233.347,
I37,231608.13,301.669,6716233.971,
I39,231611.622,302.087,6716236.154,
L118,231600.178,297.365,6716227.731,
K117,231598.935,297.209,6716226.451,
J70,231578.483,297.404,6716206.91,
K116,231597.547,297.364,6716225.318,
O129,231608.53,291.163,6716239.96,
M117,231595.657,294.054,6716227.546,
M116,231594.048,293.964,6716226.689,
K124,231607.146,298.132,6716235.329,
K127,231612.622,298.233,6716237.973,
J97,231614.671,300.592,6716238.383,
J96,231613.187,300.28,6716237.187,
J69,231578.268,297.92,6716204.39,
I40,231613.178,302.279,6716236.727,
I41,231615.27,302.123,6716237.571,
J68,231577.079,297.764,6716203.157,
J67,231576.565,297.734,6716202.188,
I43,231617.603,302.543,6716239.963,
I42,231616.719,302.16,6716238.482,
J66,231575.335,297.525,6716199.438,
point184,231617.445,292.727,6716246.288,
M103,231576.587,292.423,6716211.323,
H38,231615.639,304.038,6716237.069,
J65,231574.087,297.59,6716198.107,
H39,231617.133,303.899,6716238.021,
H40,231618.325,304.082,6716239.149,
G32,231619.404,305.954,6716237.876,
G31,231618.243,305.916,6716236.746,
F20,231620.118,307.681,6716236.699,
F19,231618.571,307.71,6716235.971,
E9,231615.829,309.113,6716233.546,
E10,231617.884,309.138,6716235.486,
F17,231613.479,307.712,6716234.168,
F18,231615.137,307.169,6716234.278,
point2,231534.331,292.122,6716130.28,
J64,231573.185,297.43,6716197.02,
F16,231610.884,307.151,6716233.896,
G29,231614.43,305.745,6716235.3,
G28,231612.509,305.608,6716235.122,
G27,231610.572,305.233,6716234.267,
H35,231610.314,303.256,6716235.07,
H34,231608.308,303.42,6716233.483,
G24,231606.769,305.264,6716231.307,
G23,231605.97,304.637,6716229.042,
F14,231607.548,307.152,6716231.964,
G26,231608.848,305.689,6716233.313,
J63,231571.832,297.668,6716196.069,
F15,231608.825,307.396,6716233.212,
point211,231584.32,299.869,6716213.03,
point212,231586.142,299.687,6716214.002,
J76,231584.874,298.103,6716215.479,
J75,231583.126,298.319,6716214.04,
K107,231584.349,296.088,6716216.315,
L107,231584.402,294.184,6716216.57,
L108,231585.441,294.268,6716217.633,
N102,231574.644,290.44,6716210.811,
N103,231575.897,290.745,6716212.23,
J62,231570.444,297.652,6716194.879,
N104,231576.881,290.971,6716213.655,
N105,231578.27,291.179,6716214.792,
O108,231580.423,289.257,6716217.899,
O107,231579.036,289.408,6716216.469,
P105,231576.577,289.217,6716214.387,
O106,231577.946,289.406,6716215.512,
O104,231574.756,288.959,6716213.11,
O103,231573.527,288.677,6716212.131,
O102,231572.504,288.727,6716210.733,
point23,231564.312,294.771,6716195.273,
O101,231571.609,288.58,6716209.514,
M105,231578.761,292.594,6716214.218,
M106,231580.382,292.829,6716215.154,
M104,231577.785,292.643,6716213.102,
M108,231583.61,292.253,6716217.546,
H36,231612.151,304.347,6716235.863,
H32,231605.114,303.668,6716230.207,
H37,231613.608,304.766,6716236.086,
K115,231596.117,297.1,6716224.168,
point24,231566.118,294.714,6716195.82,
point240,231588.309,301.305,6716211.811,
point241,231589.149,296.847,6716216.356,
point242,231589.84,295.783,6716217.635,
L109,231587.607,294.001,6716218.134,
O94,231562.592,287.84,6716200.441,
M90,231560.26,291.466,6716195.363,
N90,231559.131,289.343,6716196.886,
O91,231558.474,287.687,6716197.762,
O92,231559.868,287.62,6716198.648,
point249,231564.25,297.744,6716193.438,
point25,231562.063,294.696,6716193.635,
point250,231562.551,298.533,6716193.005,
point251,231567.737,296.958,6716195.096,
O97,231566.303,287.973,6716204.036,
point253,231561.769,303.647,6716190.91,
point254,231562.102,305.16,6716189.958,
point255,231540.062,293.251,6716165.47,
point256,231541.162,293.266,6716167.996,
point257,231542.526,293.636,6716171.32,
K59,231539.966,290.978,6716172.357,
point26,231562.136,296.265,6716193.383,
K57,231539.534,289.608,6716169.215,
M61,231535.001,288.105,6716163.602,
M62,231536.292,288.256,6716165.174,
M63,231537.216,288.281,6716166.825,
point27,231563.3,296.172,6716193.962,
M65,231537.685,288.59,6716168.406,
point271,231537.764,293.257,6716162.023,
O68,231533.419,285.611,6716172.949,
N55,231533.277,287.079,6716169.088,
N60,231537.754,287.65,6716176.849,
N61,231538.599,287.554,6716177.771,
point28,231564.44,296.194,6716194.918,
N62,231539.429,287.62,6716178.963,
N63,231540.011,287.639,6716180.901,
O72,231537.544,285.884,6716178.675,
O71,231536.589,285.873,6716177.363,
O70,231535.589,286.018,6716175.989,
O69,231534.61,285.805,6716173.983,
O67,231532.932,285.248,6716171.173,
O66,231531.863,285.308,6716170.016,
point29,231566.521,296.562,6716195.28,
O65,231530.957,285.221,6716168.66,
J55,231536.478,291.265,6716160.849,
J54,231535.841,291.143,6716159.437,
point298,231536.912,292.951,6716158.653,
point299,231535.982,292.884,6716154.445,
point3,231534.707,292.199,6716133.759,
K93,231568.841,295.943,6716196.238,
J50,231534.357,290.622,6716153.488,
M53,231531.083,286.531,6716150.375,
M54,231531.272,287.211,6716152.034,
M55,231531.592,287.279,6716153.759,
M56,231531.992,287.484,6716155.453,
M60,231533.43,288.913,6716161.754,
K94,231570.219,295.939,6716197.837,
point315,231534.587,292.438,6716149.566,
point316,231535.258,292.523,6716151.226,
M52,231530.305,286.576,6716148.557,
M51,231529.724,286.134,6716146.918,
K99,231576.092,295.645,6716204.236,
point320,231536.285,292.855,6716155.74,
point321,231536.46,292.628,6716157.324,
point322,231541.891,293.63,6716169.359,
J62,231541.859,291.554,6716171.619,
M59,231533.432,287.994,6716160.262,
N40,231526.133,285.209,6716145.386,
O51,231523.832,283.397,6716145.656,
N41,231525.743,285.448,6716147.07,
O50,231523.719,283.337,6716143.772,
K100,231576.727,296.293,6716206.065,
N42,231526.073,285.543,6716148.811,
N43,231526.37,285.469,6716150.107,
O52,231524.253,283.55,6716147.444,
O53,231524.492,283.978,6716149.12,
O54,231524.82,283.946,6716150.534,
N44,231526.546,285.69,6716151.797,
O55,231525.362,284.057,6716151.951,
N45,231526.648,285.713,6716153.339,
O56,231525.346,284.025,6716153.618,
O57,231526.155,284.09,6716155.147,
K101,231577.678,296.072,6716207.716,
N46,231527.423,285.923,6716155.159,
O60,231527.742,284.226,6716160.358,
O59,231527.125,284.038,6716158.959,
O64,231529.674,285.337,6716167.103,
O63,231529.06,285.099,6716165.595,
O73,231538.393,285.811,6716179.653,
R39,231533.6,290.932,6716140.927,
K102,231578.98,296.356,6716208.953,
J48,231532.821,289.852,6716142.429,
R40,231533.781,291.013,6716142.427,
R38,231533.392,290.557,6716139.104,
point353,231535.288,292.569,6716142.64,
point354,231534.801,292.188,6716137.663,
point355,231534.529,292.212,6716135.692,
point356,231534.824,292.518,6716141.04,
K103,231579.432,296.417,6716211.309,
P58,231523.343,282.04,6716152.479,
P59,231523.831,282.146,6716154.267,
O49,231523.161,282.89,6716142.006,
O48,231522.935,282.835,6716140.428,
J73,231581.029,298.147,6716211.796,
O61,231528.181,284.475,6716161.942,
O58,231526.314,284.313,6716156.554,
N39,231525.501,285.098,6716143.184,
N36,231524.141,284.41,6716138.744,
L100,231575.908,294.695,6716207.077,
N35,231524.269,284.454,6716136.825,
O45,231523.244,282.398,6716134.995,
N33,231524.782,283.842,6716133.527,
N30,231524.399,283.532,6716128.343,
O41,231522.839,281.633,6716128.417,
O39,231524.162,280.839,6716121.172,
point386,231540.637,293.523,6716166.717,
point387,231537.557,293.138,6716160.074,
point388,231535.465,292.868,6716152.774,
L99,231574.826,293.713,6716205.346,
P56,231521.982,281.942,6716149.42,
point391,231534.497,292.608,6716146.342,
point392,231534.884,292.418,6716144.825,
point395,231534.846,292.589,6716139.433,
M46,231527.706,285.446,6716137.729,
O44,231523.379,282.395,6716133.423,
point4,231556.477,301.187,6716185.704,
L98,231573.95,293.705,6716204.407,
L97,231571.998,293.933,6716202.757,
L96,231571.115,293.709,6716201.443,
L94,231569.174,293.718,6716199.139,
L95,231570.053,293.413,6716199.942,
L92,231565.615,292.652,6716196.911,
L93,231567.662,293.221,6716197.365,
L91,231563.561,292.832,6716196.209,
L90,231562.734,292.892,6716195.146,
L89,231561.567,292.963,6716194.169,
point5,231554.948,301.596,6716185.093,
L102,231577.584,294.378,6716210.255,
L103,231578.681,294.527,6716212.119,
K105,231580.705,296.298,6716214.099,
N101,231573.756,290.532,6716209.266,
N100,231572.626,290.394,6716208.151,
M102,231575.601,292.377,6716210.064,
M101,231574.727,292.327,6716208.345,
M100,231573.776,292.33,6716206.447,
L101,231576.705,294.039,6716208.721,
N99,231571.453,290.25,6716206.69,
point6,231555.006,303.194,6716184.885,
M99,231572.504,291.873,6716205.861,
N98,231569.974,290.042,6716205.684,
N97,231568.335,289.633,6716204.661,
M98,231571.288,291.98,6716204.181,
M97,231569.872,291.969,6716203.129,
M96,231568.638,291.371,6716201.558,
N94,231564.689,289.383,6716200.167,
N95,231566.165,289.469,6716201.662,
M93,231564.308,291.216,6716198.17,
N93,231563.384,289.365,6716199.513,
E8,231611.855,309.203,6716233.286,
N92,231562.016,289.34,6716198.723,
N91,231560.504,289.235,6716197.749,
M92,231562.699,291.624,6716197.514,
M91,231561.648,291.48,6716196.411,
O99,231569.122,288.376,6716206.598,
O98,231567.604,288.231,6716205.351,
O100,231570.165,288.274,6716207.813,
O96,231565.115,287.855,6716202.502,
N96,231566.803,289.356,6716202.968,
K98,231575.119,295.32,6716203.245,
J74,231581.639,298.128,6716213.17,
K106,231582.387,296.43,6716215.622,
L104,231579.378,294.908,6716213.371,
K104,231580.581,295.749,6716212.341,
point84,231565.563,297.756,6716193.887,
L106,231581.768,294.659,6716216.106,
L105,231580.495,294.8,6716215.083,
M118,231597.534,293.757,6716228.133,
N118,231596.887,292.178,6716228.83,
M119,231598.913,293.85,6716229.453,
K97,231573.505,295.193,6716201.695,
N119,231598.391,292.156,6716229.624,
M120,231600.12,293.936,6716230.25,
M123,231603.667,294.526,6716234.542,
N122,231602.251,292.593,6716233.302,
M122,231602.784,294.391,6716233,
N124,231605.043,292.478,6716235.891,
N125,231606.388,292.643,6716237.033,
N126,231607.42,292.722,6716238.415,
N127,231609.06,292.634,6716239.504,
O2,231557.646,277.189,6716071.333,
O1,231559.361,277.033,6716071.429,
P1,231559.344,275.529,6716069.24,
O4,231554.465,277.482,6716071.313,
P2,231557.58,275.526,6716069.312,
P3,231555.87,275.625,6716069.4,
P4,231554.12,275.757,6716069.257,
P5,231552.275,275.774,6716069.81,
P6,231550.563,275.747,6716070.522,
P7,231549.229,275.91,6716071.394,
P8,231547.654,276.128,6716072.212,
P10,231544.26,276.786,6716074.718,
P11,231542.358,277.183,6716076.13,
P12,231541.548,277.217,6716077.325,
P13,231540.468,277.27,6716078.818,
P14,231539.858,276.819,6716080.007,
P15,231538.847,276.915,6716081.342,
P16,231537.311,277.097,6716082.388,
P17,231536.311,277.244,6716083.803,
P18,231534.994,277.31,6716085.127,
P19,231534.127,277.494,6716086.455,
P20,231532.926,277.571,6716088.061,
P21,231531.69,277.636,6716089.401,
P22,231530.617,277.719,6716090.754,
P23,231529.534,277.947,6716092.168,
P24,231528.341,277.912,6716093.462,
P25,231527.626,278.039,6716095.235,
P26,231526.65,278.082,6716096.693,
P27,231526.572,278.239,6716098.52,
P28,231526.149,278.306,6716100.505,
P29,231525.692,278.54,6716101.976,
P30,231524.788,278.566,6716103.509,
P31,231523.966,278.778,6716105.261,
P32,231523.516,278.984,6716106.954,
P33,231523.195,279.009,6716108.688,
P34,231522.681,279.024,6716110.289,
P35,231522.549,279.101,6716112.276,
P36,231522.349,279.199,6716114.076,
P37,231522.182,279.384,6716115.787,
O10,231544.108,278.248,6716076.448,
O11,231543.203,278.435,6716077.905,
O12,231542.153,278.439,6716079.23,
O13,231540.845,278.555,6716080.719,
O14,231539.599,278.479,6716081.984,
O15,231538.623,278.736,6716083.27,
O16,231537.333,279.027,6716084.644,
O17,231536.355,279.124,6716086.073,
O18,231535.133,279.176,6716087.234,
O21,231531.652,279.41,6716091.361,
O22,231530.566,279.73,6716092.674,
O23,231529.257,279.763,6716093.936,
O24,231528.465,279.745,6716095.548,
O25,231527.885,279.769,6716097.207,
O26,231527.229,279.769,6716098.908,
O27,231526.908,279.891,6716100.602,
O29,231525.515,280.079,6716103.841,
O30,231524.983,280.061,6716105.611,
O31,231524.995,280.292,6716107.446,
O32,231524.943,280.248,6716109.13,
O33,231524.979,280.545,6716110.69,
O34,231524.642,280.758,6716112.455,
O35,231524.264,280.81,6716114.228,
O36,231524.469,281.019,6716115.957,
O37,231523.987,281.079,6716117.719,
O38,231523.548,281.329,6716119.406,
O20,231533.106,279.328,6716090.345,
O19,231534.361,279.215,6716088.882,
O40,231523.361,281.624,6716122.744,
N28,231524.823,283.273,6716124.514,
M42,231527.499,285.07,6716130.342,
M43,231527.54,285.176,6716132.223,
M44,231527.679,285.31,6716134.019,
M45,231527.804,285.268,6716135.982,
M50,231529.051,286.156,6716145.588,
N37,231524.969,284.523,6716140.63,
O46,231523.136,282.287,6716136.73,
K39,231529.447,286.35,6716124.002,
K50,231530.396,287.436,6716141.139,
R31,231531.759,290.029,6716125.73,
R34,231532.651,289.552,6716132.245,
R37,231532.864,290.269,6716137.457,
M49,231528.788,285.915,6716143.684,
N31,231524.913,283.583,6716130.4,
N34,231524.439,284.244,6716135.149,
N32,231524.797,283.768,6716132.284,
N38,231526.103,284.962,6716141.604,
K52,231531.093,287.785,6716144.696,
M66,231538.42,288.562,6716169.886,
M68,231539.935,288.239,6716172.514,
M69,231540.86,288.417,6716174.352,
M70,231541.385,288.686,6716175.923,
M71,231541.84,288.725,6716177.347,
J63,231542.767,291.85,6716172.643,
M72,231541.53,288.888,6716179.621,
M73,231542.363,288.465,6716181.029,
N89,231557.918,288.987,6716195.091,
N88,231556.54,289.288,6716194.042,
N87,231555.328,289.023,6716193.264,
P41,231521.533,279.968,6716122.711,
P42,231521.377,279.977,6716124.53,
P44,231521.15,280.249,6716127.911,
P45,231521.398,280.35,6716129.665,
P46,231521.4,280.451,6716131.508,
P47,231521.488,280.789,6716133.466,
P48,231521.316,280.679,6716135.1,
P49,231521.343,280.881,6716136.56,
P50,231521.124,280.94,6716138.681,
P51,231521.56,281.204,6716140.688,
P53,231520.832,281.381,6716144.936,
P54,231521.311,281.454,6716145.94,
P38,231521.929,279.65,6716117.357,
P39,231521.547,279.759,6716119.017,
P40,231521.519,279.805,6716120.958,
M95,231567.74,291.631,6716200.11,
O93,231560.925,287.665,6716199.574,
O95,231563.907,287.75,6716201.392,
M58,231532.602,287.584,6716158.66,
point 34,231543.288,290.635,6716180.351,
point 35,231560.878,305.431,6716188.908,
M89,231559.023,291.12,6716194.375,
M90,231557.271,290.945,6716193.663,
L87,231558.115,292.563,6716192.49,
L88,231560.004,292.712,6716193.373,
point 40,231560.348,294.416,6716192.539,
point 41,231558.798,294.342,6716191.528,
point 42,231557.762,294.307,6716189.968,
point 43,231556.765,294.157,6716188.539,
point 44,231563.45,294.647,6716194.416,
point 45,231560.808,298.02,6716191.889,
point 46,231561.038,296.183,6716192.253,
point 47,231559.009,296.259,6716191.082,
point 48,231559.49,297.945,6716190.676,
point 49,231558.172,296.294,6716189.775,
point 50,231558.131,297.957,6716189.572,
point 51,231557.675,296.475,6716187.93,
point 52,231557.737,298.02,6716187.796,
point 53,231557.748,299.359,6716187.711,
point 54,231558.33,299.893,6716189.551,
point 55,231559.711,299.85,6716190.539,
point 56,231561.216,299.984,6716191.679,
point 57,231561.267,301.683,6716191.274,
point 58,231559.952,301.402,6716190.166,
point 59,231558.979,301.721,6716189.009,
point 60,231557.758,301.404,6716187.316,
point 61,231557.901,303.009,6716187.561,
point 62,231559.379,303.434,6716188.456,
point 63,231560.009,303.376,6716189.746,
point 64,231558.189,304.673,6716187.271,
point 65,231560.373,305.654,6716187.316,
point 66,231558.292,304.642,6716184.558,
point 67,231550.752,301.376,6716180.298,
point 68,231551.405,301.898,6716182.268,
point 69,231550.141,299.408,6716180.828,
point 70,231553.439,297.963,6716184.447,
point 71,231554.837,299.878,6716185.091,
point 72,231556.596,298.067,6716185.951,
point 73,231557.555,299.604,6716186.033,
point 74,231554.653,297.633,6716185.501,
point 75,231547.675,301.77,6716177.839,
point 76,231548.854,301.568,6716178.669,
point 77,231547.138,299.816,6716178.478,
point 78,231550.425,292.338,6716185.802,
L83,231552.731,292.048,6716187.698,
point 80,231552.562,294.012,6716185.595,
point 81,231554.013,294.063,6716186.196,
point 82,231555.42,294.117,6716187.249,
point 83,231553.981,295.825,6716185.866,
point 84,231545.315,289.437,6716183.097,
N86,231553.671,288.718,6716192.193,
N85,231552.398,288.747,6716191.011,
point 87,231551.064,288.882,6716189.788,
point 88,231549.943,288.854,6716188.577,
L85,231555.77,292.407,6716189.676,
M57,231532.365,287.594,6716156.994,
M67,231539.035,288.435,6716171.276,
M115,231592.743,293.681,6716225.152,
L114,231594.073,295.635,6716223.247,
L113,231593.103,295.349,6716222.353,
L115,231595.177,295.491,6716225.148,
K114,231594.725,296.722,6716222.446,
J83,231595.936,298.834,6716221.269,
J84,231597.342,298.807,6716223.068,
I27,231596.813,300.413,6716220.076,
J89,231603.736,299.448,6716228.778,
M121,231601.657,294.085,6716231.785,
N120,231599.93,292,6716230.477,
I26,231600.099,301.763,6716222.405,
I28,231598.307,300.928,6716221.236,
H24,231597.891,302.424,6716218.351,
O120,231596.039,290.041,6716229.803,
O122,231599.044,290.011,6716231.896,
L125,231608.473,296.698,6716237.26,
L123,231605.871,296.409,6716234.564,
K125,231609.033,298.415,6716236.69,
J94,231609.57,299.986,6716236.189,
J93,231607.549,299.999,6716235.08,
I38,231609.722,301.484,6716235.232,
H33,231606.615,303.083,6716232.549,
point 113,231604.541,301.266,6716228.148,
H31,231605.222,303.421,6716227.432,
G22,231605.683,305.225,6716226.877,
F13,231607.269,306.939,6716227.644,
F12,231606.301,306.497,6716226.286,
G25,231607.015,305.131,6716232.623,
J88,231602.496,299.188,6716227.546,
O126,231604.185,290.791,6716236.828,
J87,231600.896,299.318,6716226.527,
J103,231622.536,300.989,6716244.713,
J104,231624.409,300.984,6716245.611,
J105,231626.676,301.115,6716245.137,
L137,231628.073,297.687,6716246.262,
L136,231625.879,297.842,6716246.101,
I44,231618.642,302.572,6716241.351,
I45,231619.796,302.502,6716242.073,
I46,231621.724,302.66,6716243.125,
H41,231619.422,303.952,6716240.788,
H42,231620.749,304.275,6716241.347,
H43,231622.265,304.351,6716242.003,
H44,231623.771,304.348,6716242.917,
G33,231621.695,306.172,6716239.919,
G34,231623.356,306.246,6716240.326,
G35,231625.269,306.109,6716241.158,
G36,231627.229,306.032,6716242.033,
H45,231626.191,304.701,6716243.064,
F21,231621.035,307.483,6716238.072,
F22,231622.299,307.819,6716238.732,
F23,231624.035,308.027,6716239.141,
K137,231627.954,300.06,6716245.246,
K138,231630.502,299.46,6716245.441,
K139,231632.028,299.844,6716246.079,
K135,231623.676,298.427,6716246.332,
M138,231627.284,295.99,6716246.786,
M139,231628.99,295.981,6716247.749,
J108,231633.017,301.669,6716244.326,
J107,231631.635,301.527,6716243.618,
J106,231628.177,301.51,6716244.794,
I51,231631.658,303.293,6716243.065,
H48,231632.107,304.934,6716242.888,
H47,231629.912,304.693,6716242.362,
H46,231627.814,304.9,6716242.741,
G37,231628.516,306.281,6716241.798,
G38,231630.94,306.209,6716241.539,
I52,231633.547,303.567,6716243.511,
H50,231635.913,304.82,6716244.204,
I53,231635.483,303.464,6716244.776,
point 158,231629.094,309.764,6716239.182,
I50,231628.816,303.473,6716243.819,
M137,231625.753,295.815,6716246.316,
M136,231624.172,295.348,6716246.806,
L134,231621.88,297.326,6716245.902,
L135,231623.389,297.267,6716246.688,
M135,231621.492,295.572,6716246.306,
K134,231622.511,299.087,6716245.308,
K136,231625.659,299.359,6716246.026,
I49,231627.523,303.09,6716244.053,
I47,231623.15,302.545,6716244.003,
I48,231625.084,302.497,6716244.839,
G30,231616.479,305.642,6716236.122,
H49,231633.802,304.926,6716243.172,
O90,231557.355,287.358,6716196.106,
P52,231521.387,281.217,6716142.312,
P100,231569.2,286.839,6716208.72,
P101,231570.126,286.811,6716210.448,
P102,231571.549,286.893,6716211.474,
P103,231572.568,287.227,6716212.926,
P104,231573.998,287.147,6716214.105,
P105,231575.388,287.393,6716215.359,
P106,231576.776,287.586,6716216.293,
P107,231577.851,287.401,6716217.968,
P108,231579.412,287.451,6716219.018,
P111,231584.118,287.7,6716221.931,
P113,231586.864,287.94,6716223.824,
P114,231588.293,288.053,6716225.279,
P115,231589.363,288.163,6716226.671,
P116,231590.68,288.309,6716227.672,
P117,231592.105,288.302,6716229.137,
P118,231593.719,288.465,6716229.908,
P119,231595.091,288.636,6716230.86,
P120,231596.489,288.626,6716232.117,
P121,231597.965,288.692,6716233.26,
P122,231599.265,288.749,6716234.406,
P123,231600.173,288.995,6716235.373,
P124,231602.223,288.921,6716236.759,
P125,231603.525,288.946,6716237.79,
P126,231604.922,289.094,6716238.785,
P127,231606.254,289.186,6716239.933,
P128,231607.847,289.092,6716241.092,
P129,231609.225,289.302,6716242.109,
P130,231610.598,289.257,6716243.533,
P131,231611.929,289.459,6716244.451,
P132,231613.19,289.551,6716245.638,
P133,231615.061,289.629,6716246.483,
P134,231616.082,289.571,6716247.712,
P135,231617.993,289.746,6716248.48,
P60,231524.73,282.355,6716155.775,
P61,231524.626,282.179,6716157.359,
P62,231525.061,282.446,6716159.736,
P63,231525.662,282.651,6716160.874,
P64,231525.959,282.689,6716162.698,
P65,231526.93,282.86,6716163.821,
P66,231527.502,282.874,6716165.997,
P67,231528.386,283.172,6716167.841,
P68,231529.697,283.637,6716168.828,
P69,231530.122,283.485,6716170.188,
P70,231530.718,283.666,6716171.652,
P71,231531.683,283.834,6716173.165,
P72,231532.991,283.831,6716174.441,
P73,231534.3,283.922,6716176.607,
P74,231535.412,284.055,6716177.886,
P75,231536.444,284.042,6716179.894,
P76,231537.105,284.15,6716181.123,
P77,231538.669,284.306,6716182.382,
P78,231540.112,284.507,6716183.642,
P79,231541.656,284.813,6716184.808,
P80,231542.843,284.685,6716185.912,
P81,231544.38,284.91,6716186.877,
P82,231545.649,285.009,6716188.236,
P83,231546.967,285.218,6716189.304,
P84,231548.036,285.312,6716190.784,
P85,231549.543,285.385,6716191.821,
P86,231550.958,285.462,6716193.061,
P87,231552.322,285.593,6716194.247,
P88,231553.861,285.787,6716194.975,
P89,231555.329,285.719,6716195.783,
P90,231556.973,285.793,6716196.983,
P91,231558.197,285.838,6716198.161,
P92,231559.07,285.986,6716199.368,
P93,231559.571,285.994,6716200.976,
P94,231562.076,286.344,6716201.247,
P95,231563.143,286.367,6716202.19,
P96,231564.185,286.367,6716203.893,
P97,231565.302,286.327,6716205.311,
P98,231566.532,286.477,6716206.444,
P99,231568.135,286.553,6716207.521,
P43,231521.274,279.862,6716126.002,
M94,231565.985,291.592,6716198.494,
O89,231556.174,287.43,6716194.678,
O88,231554.749,287.337,6716193.957,
O87,231553.335,286.981,6716193.225,
O86,231551.599,286.935,6716191.562,
O85,231550.581,287.003,6716190.47,
O84,231549.285,286.982,6716189.323,
point 165,231548.549,288.592,6716187.575,
point 166,231547.481,288.414,6716186.169,
O83,231547.992,286.924,6716188.19,
O82,231546.585,286.851,6716187.058,
O81,231545.182,286.727,6716186.012,
O80,231543.896,286.55,6716184.612,
O79,231542.702,286.637,6716183.535,
O74,231539.866,286.182,6716181.252,
O78,231541.041,286.152,6716182.357,
L86,231556.976,292.621,6716190.94,
L84,231554.666,292.358,6716188.791,
M89,231556.155,290.654,6716192.516,
M88,231554.644,290.636,6716191.198,
M87,231553.177,290.667,6716189.997,
M86,231551.607,290.457,6716189.078,
point 180,231545.984,288.349,6716185.022,
point 181,231543.703,288.249,6716182.521,
point 182,231544.819,288.085,6716183.567,
point 183,231551.098,294.331,6716184.768,
